Date,Basket,Basket_Marcap,Foreign_Net_Est_Value,Institution_Net_Est_Value
2026-06-01,금융,251484267012750.0,68931201000.0,-4743339250.0
2026-06-01,반도체,3724466922687000.0,-1785888302000.0,3369762199000.0
2026-06-01,생활소비재,75288339655850.0,68714937000.0,-62809402700.0
2026-06-02,금융,270422586571550.0,66100701050.0,11671346450.0
2026-06-02,반도체,3789561019584000.0,-4954576896000.0,1326070061500.0
2026-06-02,생활소비재,73391149898050.0,19011714150.0,-19444353850.0
2026-06-04,금융,268086847098400.0,10778763600.0,69534633300.0
2026-06-04,반도체,3692756965482000.0,-5090968530000.0,1405799520000.0
2026-06-04,생활소비재,73152514230500.0,6663124800.0,-12839221500.0
2026-06-05,금융,270788360917150.0,74568311100.0,29808965450.0
2026-06-05,반도체,3398719557582000.0,-2651437876000.0,-1328270022000.0
2026-06-05,생활소비재,72360436782000.0,-26005725300.0,7221302400.0
2026-06-08,금융,245840692940050.0,-43059078800.0,-79905437900.0
2026-06-08,반도체,3089549548179000.0,-642700275000.0,-1327842246000.0
2026-06-08,생활소비재,69402817035200.0,9091458400.0,3549512600.0
2026-06-09,금융,252599835776350.0,-44915509250.0,99615399100.0
2026-06-09,반도체,3461137450251000.0,-1900923181000.0,2462172594000.0
2026-06-09,생활소비재,72382458653500.0,-18102558900.0,46018586200.0
2026-06-10,금융,245722601773500.0,-18497238300.0,27385200000.0
2026-06-10,반도체,3228113722440000.0,-1722649355000.0,-2300425006500.0
2026-06-10,생활소비재,73048165932100.0,11070492100.0,24355687300.0
2026-06-11,금융,243065089755850.0,-6720260550.0,30434159100.0
2026-06-11,반도체,3245424972657000.0,712129181000.0,-2704683115000.0
2026-06-11,생활소비재,73028504493600.0,-88308794200.0,108311349700.0
2026-06-12,금융,255000095896600.0,76678472100.0,78622726450.0
2026-06-12,반도체,3417734935830000.0,2161794685000.0,481757702500.0
2026-06-12,생활소비재,73592675388850.0,3961978750.0,-21422170350.0
2026-06-15,금융,272110813706000.0,133445368200.0,7952629150.0
2026-06-15,반도체,3600858902016000.0,-203979676000.0,557246433000.0
2026-06-15,생활소비재,76880395696300.0,-3077904700.0,31292264200.0
2026-06-16,금융,276750213252600.0,54936025400.0,38414035650.0
2026-06-16,반도체,3702930595974000.0,828795815000.0,857114576000.0
2026-06-16,생활소비재,74779484285700.0,2544694800.0,-63532841200.0
2026-06-17,금융,272798247888550.0,-21043426150.0,-18724026000.0
2026-06-17,반도체,3822458199837000.0,-504184652000.0,1253358190500.0
2026-06-17,생활소비재,75780005188300.0,-15236554200.0,4520910800.0
2026-06-18,금융,274676365160650.0,58698668400.0,-50496085800.0
2026-06-18,반도체,4032881845425000.0,947076562500.0,807963390000.0
2026-06-18,생활소비재,72727275229050.0,-32089898600.0,-89918326900.0
2026-06-19,금융,277221964821150.0,41471273150.0,-47215953850.0
2026-06-19,반도체,4039491964092000.0,-1752527428000.0,227752440000.0
2026-06-19,생활소비재,71875987487200.0,21608867000.0,-62020825700.0
2026-06-22,금융,263205873631050.0,16650708700.0,-77888675900.0
2026-06-22,반도체,4147037691363000.0,-1915552390500.0,1109814352500.0
2026-06-22,생활소비재,70466062376700.0,23628176800.0,-20723110000.0
2026-06-23,금융,255345132150750.0,30549101100.0,-25078420850.0
2026-06-23,반도체,3633300911055000.0,-3092651835000.0,-3715140310000.0
2026-06-23,생활소비재,68200542095150.0,-10600966750.0,42699047250.0
2026-06-24,금융,254738680810850.0,-25732010100.0,-36510381950.0
2026-06-24,반도체,3829429967724000.0,-3833640090000.0,1897309156500.0
2026-06-24,생활소비재,69168511428350.0,13135359100.0,13809909100.0
2026-06-25,금융,256643390363650.0,-22355910950.0,-20581748400.0
2026-06-25,반도체,4174843679673000.0,-966222257000.0,3746736889000.0
2026-06-25,생활소비재,71196804689900.0,4976705400.0,27184297000.0
2026-06-26,금융,249519816365940.0,-18781225240.0,-13033479010.0
2026-06-26,반도체,3889865009061000.0,-4295371626500.0,-4067340763500.0
2026-06-26,생활소비재,68827765144100.0,-4899493900.0,3752895200.0
2026-06-29,금융,250899354758950.0,-21540909300.0,36930738900.0
2026-06-29,반도체,3761329805604000.0,-7179558728000.0,1518168059000.0
2026-06-29,생활소비재,72194559554950.0,-43550683700.0,100026165150.0
2026-06-30,금융,250493156981700.0,6667947300.0,21429762900.0
2026-06-30,반도체,3841318322322000.0,-2472789678000.0,1665879862000.0
2026-06-30,생활소비재,70413842396000.0,-31520279800.0,13993216300.0
2026-07-01,금융,248828398120550.0,-19040347200.0,16424396100.0
2026-07-01,반도체,3663172676616000.0,-1070391284000.0,-1374560332500.0
2026-07-01,생활소비재,72157484585200.0,3516862300.0,44659701400.0
2026-07-02,금융,252692057060400.0,-118069647300.0,276598605900.0
2026-07-02,반도체,3230715754143000.0,-2935798358000.0,-3622134897000.0
2026-07-02,생활소비재,73215076545150.0,-78749177850.0,149158991800.0
2026-07-03,금융,261697314368700.0,-121934502950.0,205250718850.0
2026-07-03,반도체,3537726464301000.0,-2230184687500.0,3951705665500.0
2026-07-03,생활소비재,72510933134150.0,-11747464650.0,13711236900.0
2026-07-06,금융,264342667974700.0,-79810449900.0,104521675250.0
2026-07-06,반도체,3528978238539000.0,-706794444000.0,-1364589375000.0
2026-07-06,생활소비재,72593191400250.0,-7922885000.0,-7976356900.0
2026-07-07,금융,262792918124850.0,-110485932100.0,155642544650.0
2026-07-07,반도체,3299156373333000.0,-3011908449000.0,-600838883000.0
2026-07-07,생활소비재,75516187265300.0,989079800.0,121416055600.0
2026-07-08,금융,253395616222650.0,-20212227300.0,36833634750.0
2026-07-08,반도체,3101912423460000.0,-653352595500.0,-322931725500.0
2026-07-08,생활소비재,73060340756750.0,-22024857150.0,18650227500.0
2026-07-09,금융,247695996676000.0,-108452775050.0,120038572400.0
2026-07-09,반도체,3183232822914000.0,-222870754000.0,1191899448000.0
2026-07-09,생활소비재,69704569018000.0,-28423403000.0,-31506047400.0
2026-07-10,금융,260436650203950.0,76478866650.0,90484784350.0
2026-07-10,반도체,3219880558980000.0,-1497672015000.0,1104558065000.0
2026-07-10,생활소비재,71070084546300.0,38696758600.0,-20317592400.0
2026-07-13,금융,258753438267950.0,-72241491900.0,100816014000.0
2026-07-13,반도체,2802813769161000.0,-1482592968000.0,-2268426654500.0
2026-07-13,생활소비재,69782297162450.0,8228837950.0,-4870519650.0
2026-07-14,금융,253737798871800.0,-78921881800.0,110718271100.0
2026-07-14,반도체,2900970898149000.0,974399108000.0,2735408325000.0
2026-07-14,생활소비재,68680099675150.0,11083772450.0,-15449614950.0
2026-07-15,금융,260109720118950.0,107723473000.0,-86722072500.0
2026-07-15,반도체,3117881194866000.0,1192500008500.0,438084345500.0
2026-07-15,생활소비재,69243611990000.0,51627063100.0,-69005779700.0
2026-07-16,금융,259341885859100.0,11684519500.0,7661285600.0
2026-07-16,반도체,2803598801370000.0,-1075720734000.0,-2323023465000.0
2026-07-16,생활소비재,70576865025850.0,47783973100.0,-8576722600.0
2026-07-20,금융,244240329240100.0,-42196537400.0,60676194650.0
2026-07-20,반도체,2683698952212000.0,860433360000.0,-1288121872000.0
2026-07-20,생활소비재,68379116813100.0,-6872272900.0,1291573500.0
2026-07-21,금융,249586977606450.0,-11647602250.0,19156280150.0
2026-07-21,반도체,2822707701612000.0,67581812000.0,1144613361000.0
2026-07-21,생활소비재,69214100236400.0,13611436000.0,17987109800.0
2026-07-22,금융,250636662826300.0,91040340250.0,-85591428600.0
2026-07-22,반도체,2827200905334000.0,1728434359500.0,-1481473227000.0
2026-07-22,생활소비재,68671566314500.0,36831789900.0,-61629035100.0
2026-07-23,금융,252789347006250.0,119112165900.0,-112227588650.0
2026-07-23,반도체,2946171062595000.0,1674390843000.0,-316829314000.0
2026-07-23,생활소비재,70800742614800.0,91493326200.0,-56134064400.0
2026-07-24,금융,249795760497450.0,75415138250.0,-57890962200.0
2026-07-24,반도체,2712289972731000.0,-2573504881500.0,-1694116860000.0
2026-07-24,생활소비재,70507070288400.0,21201895000.0,2070095400.0
2026-07-27,금융,250315049459550.0,-27142339450.0,75550289750.0
2026-07-27,반도체,2779222261272000.0,-1961624744000.0,543603142000.0
2026-07-27,생활소비재,71880848837000.0,-1141962000.0,41981450400.0
2026-07-28,금융,236618606816800.0,-53843547250.0,18666220350.0
2026-07-28,반도체,2390869959510000.0,-4272849310000.0,462612910000.0
2026-07-28,생활소비재,68810572252950.0,-3654857600.0,8033531400.0
2026-07-29,금융,229021183620800.0,-75441359300.0,72848167900.0
2026-07-29,반도체,2242368893133000.0,-2031868333500.0,2353835925000.0
2026-07-29,생활소비재,68692746211400.0,10158866300.0,77048887100.0
2026-07-30,금융,234321999283650.0,-56826369650.0,101602191250.0
2026-07-30,반도체,2175890578386000.0,723559116000.0,-155210718000.0
2026-07-30,생활소비재,69499481645650.0,13618918250.0,42331743950.0
2026-07-31,금융,244674895355550.0,85581232700.0,-79027556300.0
2026-07-31,반도체,2789634017670000.0,5983748093500.0,1426177131500.0
2026-07-31,생활소비재,69315632339200.0,28907631500.0,-37598872800.0
2026-08-03,금융,241079042421450.0,18721958450.0,-15809397800.0
2026-08-03,반도체,2544865262571000.0,-2668437534500.0,-1658383787000.0
2026-08-03,생활소비재,69293833503300.0,-20817561200.0,7652449600.0
2026-08-04,금융,238905567470250.0,9859139000.0,-15770206950.0
2026-08-04,반도체,2555093325525000.0,-455930024000.0,-912006855000.0
2026-08-04,생활소비재,71151110299750.0,2054316300.0,37757050000.0
2026-08-05,금융,243653726795500.0,37919244800.0,-12418910900.0
2026-08-05,반도체,2656645802388000.0,1215643014000.0,-558499356000.0
2026-08-05,생활소비재,71367945624100.0,-20089888900.0,-7148691000.0
