Date,Code,Name,Close,Marcap,Stocks,Naver_Close,Institution_Net_Volume,Foreign_Net_Volume,Institution_Net_Est_Value,Foreign_Net_Est_Value,Basket,KOSPI_Marcap,KOSPI_Share_Pct
2026-06-01,024110,기업은행,20050.0,15988388673450.0,797425869,20050.0,-630181.0,758586.0,-12635129050.0,15209649300.0,금융,7204509360750407.0,0.22192196404870354
2026-06-01,032830,삼성생명,410000.0,82000000000000.0,200000000,410000.0,65234.0,21304.0,26745940000.0,8734640000.0,금융,7204509360750407.0,1.1381760491107067
2026-06-01,055550,신한지주,92600.0,43952993828600.0,474654361,92600.0,-71609.0,126570.0,-6630993400.0,11720382000.0,금융,7204509360750407.0,0.6100761568588197
2026-06-01,086790,하나금융지주,113900.0,31250486497200.0,274367748,113900.0,-1269.0,30017.0,-144539100.0,3418936300.0,금융,7204509360750407.0,0.43376286895329974
2026-06-01,105560,KB금융,152100.0,56710554205500.0,372850455,152100.0,-34521.0,130134.0,-5250644100.0,19793381400.0,금융,7204509360750407.0,0.7871535918109092
2026-06-01,316140,우리금융지주,29400.0,21581843808000.0,734076320,29400.0,-232244.0,341980.0,-6827973600.0,10054212000.0,금융,7204509360750407.0,0.2995602160721196
2026-06-01,000660,SK하이닉스,2363000.0,1684115688495000.0,712702365,2363000.0,859988.0,-729059.0,2032151644000.0,-1722766417000.0,반도체,7204509360750407.0,23.375855372885322
2026-06-01,005930,삼성전자,349000.0,2040351234192000.0,5846278608,349000.0,3832695.0,-180865.0,1337610555000.0,-63121885000.0,반도체,7204509360750407.0,28.320474469887856
2026-06-01,003230,삼양식품,1166000.0,8783495490000.0,7533015,1166000.0,-36720.0,22539.0,-42815520000.0,26280474000.0,생활소비재,7204509360750407.0,0.12191663651451108
2026-06-01,015760,한국전력,38650.0,24811911576050.0,641964077,38650.0,-218580.0,174596.0,-8448117000.0,6748135400.0,생활소비재,7204509360750407.0,0.34439418888430234
2026-06-01,033780,KT&G,185100.0,19215315405600.0,103810456,185100.0,-51962.0,75131.0,-9618166200.0,13906748100.0,생활소비재,7204509360750407.0,0.26671233866782806
2026-06-01,090430,아모레퍼시픽,111300.0,6510244076700.0,58492759,111300.0,-102960.0,-66225.0,-11459448000.0,-7370842500.0,생활소비재,7204509360750407.0,0.0903634619751803
2026-06-01,278470,에이피알,426500.0,15967373107500.0,37438155,426500.0,22349.0,68348.0,9531848500.0,29150422000.0,생활소비재,7204509360750407.0,0.22163026388013285
2026-06-02,024110,기업은행,20350.0,16227616434150.0,797425869,20350.0,-265315.0,522817.0,-5399160250.0,10639325950.0,금융,7215300729898488.0,0.22490561435515255
2026-06-02,032830,삼성생명,480000.0,96000000000000.0,200000000,480000.0,8608.0,38686.0,4131840000.0,18569280000.0,금융,7215300729898488.0,1.3305058734724509
2026-06-02,055550,신한지주,96400.0,45756680400400.0,474654361,96400.0,21061.0,113924.0,2030280400.0,10982273600.0,금융,7215300729898488.0,0.6341617919097289
2026-06-02,086790,하나금융지주,117000.0,32101026516000.0,274367748,117000.0,51856.0,6284.0,6067152000.0,735228000.0,금융,7215300729898488.0,0.44490212837534254
2026-06-02,105560,KB금융,156600.0,58388381253000.0,372850455,156600.0,41486.0,56539.0,6496707600.0,8854007400.0,금융,7215300729898488.0,0.8092300437465129
2026-06-02,316140,우리금융지주,29900.0,21948881968000.0,734076320,29900.0,-55367.0,545839.0,-1655473300.0,16320586100.0,금융,7215300729898488.0,0.30419912890184964
2026-06-02,000660,SK하이닉스,2360000.0,1681977581400000.0,712702365,2360000.0,90158.0,-416517.0,212772880000.0,-982980120000.0,반도체,7215300729898488.0,23.31126094897591
2026-06-02,005930,삼성전자,360500.0,2107583438184000.0,5846278608,360500.0,3088203.0,-11016912.0,1113297181500.0,-3971596776000.0,반도체,7215300729898488.0,29.209918159761187
2026-06-02,003230,삼양식품,1140000.0,8587637100000.0,7533015,1140000.0,-12849.0,14562.0,-14647860000.0,16600680000.0,생활소비재,7215300729898488.0,0.11901980834166587
2026-06-02,015760,한국전력,37750.0,24234143906750.0,641964077,37750.0,-88017.0,205045.0,-3322641750.0,7740448750.0,생활소비재,7215300729898488.0,0.33587157090111963
2026-06-02,033780,KT&G,184600.0,19163410177600.0,103810456,184600.0,-15181.0,18542.0,-2802412600.0,3422853200.0,생활소비재,7215300729898488.0,0.2655940603860265
2026-06-02,090430,아모레퍼시픽,109300.0,6393258558700.0,58492759,109300.0,-6475.0,-31996.0,-707717500.0,-3497162800.0,생활소비재,7215300729898488.0,0.08860695898935798
2026-06-02,278470,에이피알,401000.0,15012700155000.0,37438155,401000.0,5078.0,-13105.0,2036278000.0,-5255105000.0,생활소비재,7215300729898488.0,0.20806755971779453
2026-06-04,024110,기업은행,20500.0,16347230314500.0,797425869,20500.0,-214983.0,355512.0,-4407151500.0,7287996000.0,금융,7073751550116092.0,0.23109703809475346
2026-06-04,032830,삼성생명,438000.0,87600000000000.0,200000000,438000.0,59249.0,-131690.0,25951062000.0,-57680220000.0,금융,7073751550116092.0,1.2383810680849023
2026-06-04,055550,신한지주,100100.0,47512901536100.0,474654361,100100.0,330794.0,80950.0,33112479400.0,8103095000.0,금융,7073751550116092.0,0.6716789697726977
2026-06-04,086790,하나금융지주,120600.0,33088750408800.0,274367748,120600.0,83304.0,47151.0,10046462400.0,5686410600.0,금융,7073751550116092.0,0.4677680601922887
2026-06-04,105560,KB금융,164200.0,61222044711000.0,372850455,164200.0,16997.0,312802.0,2790907400.0,51362088400.0,금융,7073751550116092.0,0.8654819762505688
2026-06-04,316140,우리금융지주,30400.0,22315920128000.0,734076320,30400.0,67134.0,-130941.0,2040873600.0,-3980606400.0,금융,7073751550116092.0,0.31547503428550244
2026-06-04,000660,SK하이닉스,2298000.0,1637790034770000.0,712702365,2298000.0,114049.0,-316443.0,262084602000.0,-727186014000.0,반도체,7073751550116092.0,23.15306133056258
2026-06-04,005930,삼성전자,351500.0,2054966930712000.0,5846278608,351500.0,3253812.0,-12414744.0,1143714918000.0,-4363782516000.0,반도체,7073751550116092.0,29.05059523440959
2026-06-04,003230,삼양식품,1114000.0,8391778710000.0,7533015,1114000.0,-8849.0,7207.0,-9857786000.0,8028598000.0,생활소비재,7073751550116092.0,0.11863264705504503
2026-06-04,015760,한국전력,38700.0,24844009779900.0,641964077,38700.0,-126829.0,150332.0,-4908282300.0,5817848400.0,생활소비재,7073751550116092.0,0.35121405669799455
2026-06-04,033780,KT&G,175800.0,18249878164800.0,103810456,175800.0,64219.0,-104815.0,11289700200.0,-18426477000.0,생활소비재,7073751550116092.0,0.25799433349479867
2026-06-04,090430,아모레퍼시픽,111200.0,6504394800800.0,58492759,111200.0,1693.0,15442.0,188261600.0,1717150400.0,생활소비재,7073751550116092.0,0.09195113448242682
2026-06-04,278470,에이피알,405000.0,15162452775000.0,37438155,405000.0,-23583.0,23521.0,-9551115000.0,9526005000.0,생활소비재,7073751550116092.0,0.21434811030013007
2026-06-05,024110,기업은행,20650.0,16466844194850.0,797425869,20650.0,-155371.0,121818.0,-3208411150.0,2515541700.0,금융,6685559129584654.0,0.24630466765272657
2026-06-05,032830,삼성생명,412500.0,82500000000000.0,200000000,412500.0,23108.0,16374.0,9532050000.0,6754275000.0,금융,6685559129584654.0,1.2340029966218455
2026-06-05,055550,신한지주,107500.0,51025343807500.0,474654361,107500.0,137742.0,319164.0,14807265000.0,34310130000.0,금융,6685559129584654.0,0.7632172989347265
2026-06-05,086790,하나금융지주,123600.0,33911853652800.0,274367748,123600.0,40365.0,71180.0,4989114000.0,8797848000.0,금융,6685559129584654.0,0.5072403518612931
2026-06-05,105560,KB금융,171600.0,63981138078000.0,372850455,171600.0,-991.0,129367.0,-170055600.0,22199377200.0,금융,6685559129584654.0,0.9570050438245825
2026-06-05,316140,우리금융지주,31200.0,22903181184000.0,734076320,31200.0,123686.0,-284.0,3859003200.0,-8860800.0,금융,6685559129584654.0,0.3425768995542917
2026-06-05,000660,SK하이닉스,2070000.0,1475293895550000.0,712702365,2070000.0,-411774.0,-606860.0,-852372180000.0,-1256200200000.0,반도체,6685559129584654.0,22.066873794019585
2026-06-05,005930,삼성전자,329000.0,1923425662032000.0,5846278608,329000.0,-1446498.0,-4240844.0,-475897842000.0,-1395237676000.0,반도체,6685559129584654.0,28.76985491790115
2026-06-05,003230,삼양식품,1120000.0,8436976800000.0,7533015,1120000.0,13577.0,-12997.0,15206240000.0,-14556640000.0,생활소비재,6685559129584654.0,0.1261970261045938
2026-06-05,015760,한국전력,38100.0,24458831333700.0,641964077,38100.0,-98938.0,-124190.0,-3769537800.0,-4731639000.0,생활소비재,6685559129584654.0,0.3658457110261102
2026-06-05,033780,KT&G,179300.0,18613214760800.0,103810456,179300.0,31659.0,-5061.0,5676458700.0,-907437300.0,생활소비재,6685559129584654.0,0.27840924595870503
2026-06-05,090430,아모레퍼시픽,107500.0,6287971592500.0,58492759,107500.0,-49249.0,-30902.0,-5294267500.0,-3321965000.0,생활소비재,6685559129584654.0,0.09405303985233984
2026-06-05,278470,에이피알,389000.0,14563442295000.0,37438155,389000.0,-11819.0,-6396.0,-4597591000.0,-2488044000.0,생활소비재,6685559129584654.0,0.21783432040193124
2026-06-08,024110,기업은행,20250.0,16147873847250.0,797425869,20250.0,-272527.0,145022.0,-5518671750.0,2936695500.0,금융,6132411531476562.0,0.26332012723487125
2026-06-08,032830,삼성생명,375500.0,75100000000000.0,200000000,375500.0,19349.0,-10013.0,7265549500.0,-3759881500.0,금융,6132411531476562.0,1.2246405776018985
2026-06-08,055550,신한지주,97100.0,46088938453100.0,474654361,97100.0,69903.0,-263872.0,6787581300.0,-25621971200.0,금융,6132411531476562.0,0.7515630387252029
2026-06-08,086790,하나금융지주,112400.0,30838934875200.0,274367748,112400.0,-163570.0,-18049.0,-18385268000.0,-2028707600.0,금융,6132411531476562.0,0.502884301174331
2026-06-08,105560,KB금융,151500.0,56486843932500.0,372850455,151500.0,-361360.0,-2958.0,-54746040000.0,-448137000.0,금융,6132411531476562.0,0.9211195896192422
2026-06-08,316140,우리금융지주,28850.0,21178101832000.0,734076320,28850.0,-530627.0,-490020.0,-15308588950.0,-14137077000.0,금융,6132411531476562.0,0.3453470420779268
2026-06-08,000660,SK하이닉스,1911000.0,1361974219515000.0,712702365,1911000.0,-86029.0,-154732.0,-164401419000.0,-295692852000.0,반도체,6132411531476562.0,22.20943934574893
2026-06-08,005930,삼성전자,295500.0,1727575328664000.0,5846278608,295500.0,-3937194.0,-1174306.0,-1163440827000.0,-347007423000.0,반도체,6132411531476562.0,28.171223013926372
2026-06-08,003230,삼양식품,1069000.0,8052793035000.0,7533015,1069000.0,-776.0,-2184.0,-829544000.0,-2334696000.0,생활소비재,6132411531476562.0,0.13131527448323496
2026-06-08,015760,한국전력,36000.0,23110706772000.0,641964077,36000.0,30285.0,327676.0,1090260000.0,11796336000.0,생활소비재,6132411531476562.0,0.3768616416784313
2026-06-08,033780,KT&G,177200.0,18395212803200.0,103810456,177200.0,49778.0,-45583.0,8820661600.0,-8077307600.0,생활소비재,6132411531476562.0,0.2999670310575324
2026-06-08,090430,아모레퍼시픽,105000.0,6141739695000.0,58492759,105000.0,5649.0,20014.0,593145000.0,2101470000.0,생활소비재,6132411531476562.0,0.10015211248422513
2026-06-08,278470,에이피알,366000.0,13702364730000.0,37438155,366000.0,-16735.0,15316.0,-6125010000.0,5605656000.0,생활소비재,6132411531476562.0,0.22344170249612624
2026-06-09,024110,기업은행,20550.0,16387101607950.0,797425869,20550.0,34518.0,262345.0,709344900.0,5391189750.0,금융,6625921096905701.0,0.24731809160243035
2026-06-09,032830,삼성생명,393000.0,78600000000000.0,200000000,393000.0,35623.0,-31703.0,13999839000.0,-12459279000.0,금융,6625921096905701.0,1.186250165832885
2026-06-09,055550,신한지주,101200.0,48035021333200.0,474654361,101200.0,330978.0,-199424.0,33494973600.0,-20181708800.0,금융,6625921096905701.0,0.7249561325991689
2026-06-09,086790,하나금융지주,119000.0,32649762012000.0,274367748,119000.0,113606.0,33654.0,13519114000.0,4004826000.0,금융,6625921096905701.0,0.49275808652848896
2026-06-09,105560,KB금융,154800.0,54905661223200.0,354687734,154800.0,113037.0,-54764.0,17498127600.0,-8477467200.0,금융,6625921096905701.0,0.8286494876741121
2026-06-09,316140,우리금융지주,30000.0,22022289600000.0,734076320,30000.0,679800.0,-439769.0,20394000000.0,-13193070000.0,금융,6625921096905701.0,0.3323657085244252
2026-06-09,000660,SK하이닉스,2215000.0,1578635738475000.0,712702365,2215000.0,854714.0,-626165.0,1893191510000.0,-1386955475000.0,반도체,6625921096905701.0,23.825151482896793
2026-06-09,005930,삼성전자,322000.0,1882501711776000.0,5846278608,322000.0,1767022.0,-1596173.0,568981084000.0,-513967706000.0,반도체,6625921096905701.0,28.411170073472903
2026-06-09,003230,삼양식품,1110000.0,8361646650000.0,7533015,1110000.0,5560.0,-4975.0,6171600000.0,-5522250000.0,생활소비재,6625921096905701.0,0.12619598887020977
2026-06-09,015760,한국전력,36100.0,23174903179700.0,641964077,36100.0,99567.0,-422325.0,3594368700.0,-15245932500.0,생활소비재,6625921096905701.0,0.3497612307898242
2026-06-09,033780,KT&G,184300.0,19132267040800.0,103810456,184300.0,-11425.0,66692.0,-2105627500.0,12291335600.0,생활소비재,6625921096905701.0,0.2887487907112983
2026-06-09,090430,아모레퍼시픽,112000.0,6551189008000.0,58492759,112000.0,46310.0,35614.0,5186720000.0,3988768000.0,생활소비재,6625921096905701.0,0.09887212528171213
2026-06-09,278470,에이피알,405000.0,15162452775000.0,37438155,405000.0,81905.0,-33616.0,33171525000.0,-13614480000.0,생활소비재,6625921096905701.0,0.22883539591319388
2026-06-10,024110,기업은행,20900.0,16666200662100.0,797425869,20900.0,-152187.0,321790.0,-3180708300.0,6725411000.0,금융,6324686062638699.0,0.26351032283722164
2026-06-10,032830,삼성생명,368000.0,73600000000000.0,200000000,368000.0,-78035.0,85717.0,-28716880000.0,31543856000.0,금융,6324686062638699.0,1.1636941228556983
2026-06-10,055550,신한지주,98200.0,46611058250200.0,474654361,98200.0,304900.0,-333769.0,29941180000.0,-32776115800.0,금융,6324686062638699.0,0.7369703063293797
2026-06-10,086790,하나금융지주,117900.0,32347957489200.0,274367748,117900.0,119577.0,-91167.0,14098128300.0,-10748589300.0,금융,6324686062638699.0,0.5114555437033697
2026-06-10,105560,KB금융,154000.0,54621911036000.0,354687734,154000.0,88364.0,-88695.0,13608056000.0,-13659030000.0,금융,6324686062638699.0,0.8636303920073369
2026-06-10,316140,우리금융지주,29800.0,21875474336000.0,734076320,29800.0,54880.0,14001.0,1635424000.0,417229800.0,금융,6324686062638699.0,0.3458744690147263
2026-06-10,000660,SK하이닉스,2048000.0,1459614443520000.0,712702365,2048000.0,-702023.0,-273910.0,-1437743104000.0,-560967680000.0,반도체,6324686062638699.0,23.078053662493403
2026-06-10,005930,삼성전자,302500.0,1768499278920000.0,5846278608,302500.0,-2851841.0,-3840270.0,-862681902500.0,-1161681675000.0,반도체,6324686062638699.0,27.96185077654544
2026-06-10,003230,삼양식품,1136000.0,8557505040000.0,7533015,1136000.0,11773.0,-7941.0,13374128000.0,-9020976000.0,생활소비재,6324686062638699.0,0.1353032380619024
2026-06-10,015760,한국전력,36400.0,23367492402800.0,641964077,36400.0,77411.0,306420.0,2817760400.0,11153688000.0,생활소비재,6324686062638699.0,0.36946485835616216
2026-06-10,033780,KT&G,185100.0,19215315405600.0,103810456,185100.0,-45503.0,68372.0,-8422605300.0,12655657200.0,생활소비재,6324686062638699.0,0.30381453269450104
2026-06-10,090430,아모레퍼시픽,111800.0,6539490456200.0,58492759,111800.0,6504.0,-16317.0,727147200.0,-1824240600.0,생활소비재,6324686062638699.0,0.10339628546672376
2026-06-10,278470,에이피알,410500.0,15368362627500.0,37438155,410500.0,38634.0,-4613.0,15859257000.0,-1893636500.0,생활소비재,6324686062638699.0,0.24299012591762098
2026-06-11,024110,기업은행,20950.0,16706071955550.0,797425869,20950.0,193714.0,-180355.0,4058308300.0,-3778437250.0,금융,6352556164234073.0,0.26298188514424964
2026-06-11,032830,삼성생명,365000.0,73000000000000.0,200000000,365000.0,23540.0,49256.0,8592100000.0,17978440000.0,금융,6352556164234073.0,1.1491437165247258
2026-06-11,055550,신한지주,96900.0,45994007580900.0,474654361,96900.0,109032.0,-70797.0,10565200800.0,-6860229300.0,금융,6352556164234073.0,0.7240236275257786
2026-06-11,086790,하나금융지주,114800.0,31497417470400.0,274367748,114800.0,-107470.0,48741.0,-12337556000.0,5595466800.0,금융,6352556164234073.0,0.4958227311351546
2026-06-11,105560,KB금융,151500.0,53735191701000.0,354687734,151500.0,23399.0,-47506.0,3544948500.0,-7197159000.0,금융,6352556164234073.0,0.8458829849240515
2026-06-11,316140,우리금융지주,30150.0,22132401048000.0,734076320,30150.0,531050.0,-413212.0,16011157500.0,-12458341800.0,금융,6352556164234073.0,0.3484015013138967
2026-06-11,000660,SK하이닉스,2101000.0,1497387668865000.0,712702365,2101000.0,-513455.0,260726.0,-1078768955000.0,547785326000.0,반도체,6352556164234073.0,23.57141960106605
2026-06-11,005930,삼성전자,299000.0,1748037303792000.0,5846278608,299000.0,-5437840.0,549645.0,-1625914160000.0,164343855000.0,반도체,6352556164234073.0,27.517069642512332
2026-06-11,003230,삼양식품,1176000.0,8858825640000.0,7533015,1176000.0,18058.0,-8117.0,21236208000.0,-9545592000.0,생활소비재,6352556164234073.0,0.13945292904101553
2026-06-11,015760,한국전력,35900.0,23046510364300.0,641964077,35900.0,-268679.0,459343.0,-9645576100.0,16490413700.0,생활소비재,6352556164234073.0,0.36279113113640166
2026-06-11,033780,KT&G,185100.0,19215315405600.0,103810456,185100.0,234033.0,-213017.0,43319508300.0,-39429446700.0,생활소비재,6352556164234073.0,0.30248162958063024
2026-06-11,090430,아모레퍼시픽,111800.0,6539490456200.0,58492759,111800.0,75510.0,-74289.0,8442018000.0,-8305510200.0,생활소비재,6352556164234073.0,0.10294266256185815
2026-06-11,278470,에이피알,410500.0,15368362627500.0,37438155,410500.0,109523.0,-115758.0,44959191500.0,-47518659000.0,생활소비재,6352556164234073.0,0.241924073241987
2026-06-12,024110,기업은행,21800.0,17383883944200.0,797425869,21800.0,939007.0,358641.0,20470352600.0,7818373800.0,금융,6649271029629422.0,0.261440447633082
2026-06-12,032830,삼성생명,385500.0,77100000000000.0,200000000,385500.0,-19616.0,36458.0,-7561968000.0,14054559000.0,금융,6649271029629422.0,1.1595256029787215
2026-06-12,055550,신한지주,99600.0,47275574355600.0,474654361,99600.0,-183731.0,391020.0,-18299607600.0,38945592000.0,금융,6649271029629422.0,0.7109888308799283
2026-06-12,086790,하나금융지주,121000.0,33198497508000.0,274367748,121000.0,231616.0,9788.0,28025536000.0,1184348000.0,금융,6649271029629422.0,0.4992802573404836
2026-06-12,105560,KB금융,161200.0,57175662720800.0,354687734,161200.0,229909.0,138099.0,37061330800.0,22261558800.0,금융,6649271029629422.0,0.8598786613754038
2026-06-12,316140,우리금융지주,31150.0,22866477368000.0,734076320,31150.0,607611.0,-243530.0,18927082650.0,-7585959500.0,금융,6649271029629422.0,0.3438945001054408
2026-06-12,000660,SK하이닉스,2150000.0,1532310084750000.0,712702365,2150000.0,-270178.0,573440.0,-580882700000.0,1232896000000.0,반도체,6649271029629422.0,23.04478307354241
2026-06-12,005930,삼성전자,322500.0,1885424851080000.0,5846278608,322500.0,3295009.0,2880306.0,1062640402500.0,928898685000.0,반도체,6649271029629422.0,28.355361703237396
2026-06-12,003230,삼양식품,1145000.0,8625302175000.0,7533015,1145000.0,-9892.0,-6356.0,-11326340000.0,-7277620000.0,생활소비재,6649271029629422.0,0.12971801174241962
2026-06-12,015760,한국전력,37650.0,24169947499050.0,641964077,37650.0,396161.0,317491.0,14915461650.0,11953536150.0,생활소비재,6649271029629422.0,0.36349770360311273
2026-06-12,033780,KT&G,187800.0,19495603636800.0,103810456,187800.0,-50050.0,73907.0,-9399390000.0,13879734600.0,생활소비재,6649271029629422.0,0.29319911235271956
2026-06-12,090430,아모레퍼시픽,112000.0,6551189008000.0,58492759,112000.0,-22476.0,-1730.0,-2517312000.0,-193760000.0,생활소비재,6649271029629422.0,0.09852492068390106
2026-06-12,278470,에이피알,394000.0,14750633070000.0,37438155,394000.0,-33235.0,-36548.0,-13094590000.0,-14399912000.0,생활소비재,6649271029629422.0,0.22183834895991725
2026-06-15,024110,기업은행,22400.0,17862339465600.0,797425869,22400.0,328103.0,60608.0,7349507200.0,1357619200.0,금융,6992867781984873.0,0.2554365393782679
2026-06-15,032830,삼성생명,423000.0,84600000000000.0,200000000,423000.0,-7779.0,34090.0,-3290517000.0,14420070000.0,금융,6992867781984873.0,1.2098040837830188
2026-06-15,055550,신한지주,105600.0,50123500521600.0,474654361,105600.0,-224677.0,495227.0,-23725891200.0,52295971200.0,금융,6992867781984873.0,0.7167803265311105
2026-06-15,086790,하나금융지주,129300.0,35475749816400.0,274367748,129300.0,83544.0,146775.0,10802239200.0,18978007500.0,금융,6992867781984873.0,0.507313321550182
2026-06-15,105560,KB금융,169600.0,60155039686400.0,354687734,169600.0,82260.0,171107.0,13951296000.0,29019747200.0,금융,6992867781984873.0,0.8602341923491287
2026-06-15,316140,우리금융지주,32550.0,23894184216000.0,734076320,32550.0,88049.0,533762.0,2865994950.0,17373953100.0,금융,6992867781984873.0,0.3416936364442145
2026-06-15,000660,SK하이닉스,2288000.0,1630663011120000.0,712702365,2288000.0,165238.0,180233.0,378064544000.0,412373104000.0,반도체,6992867781984873.0,23.318945273367497
2026-06-15,005930,삼성전자,337000.0,1970195890896000.0,5846278608,337000.0,531697.0,-1828940.0,179181889000.0,-616352780000.0,반도체,6992867781984873.0,28.174362111802644
2026-06-15,003230,삼양식품,1139000.0,8580104085000.0,7533015,1139000.0,-15500.0,6670.0,-17654500000.0,7597130000.0,생활소비재,6992867781984873.0,0.12269793098482697
2026-06-15,015760,한국전력,41400.0,26577312787800.0,641964077,41400.0,1157313.0,-613708.0,47912758200.0,-25407511200.0,생활소비재,6992867781984873.0,0.3800631388493982
2026-06-15,033780,KT&G,188500.0,19568270956000.0,103810456,188500.0,48767.0,-48301.0,9192579500.0,-9104738500.0,생활소비재,6992867781984873.0,0.2798318453326411
2026-06-15,090430,아모레퍼시픽,112500.0,6580435387500.0,58492759,112500.0,-32507.0,-12162.0,-3657037500.0,-1368225000.0,생활소비재,6992867781984873.0,0.09410209934831905
2026-06-15,278470,에이피알,416000.0,15574272480000.0,37438155,416000.0,-10821.0,60590.0,-4501536000.0,25205440000.0,생활소비재,6992867781984873.0,0.22271653012119955
2026-06-16,024110,기업은행,23100.0,18420537573900.0,797425869,23100.0,1566843.0,-485303.0,36194073300.0,-11210499300.0,금융,7142513389095564.0,0.2578999376049128
2026-06-16,032830,삼성생명,431000.0,86200000000000.0,200000000,431000.0,-10011.0,24030.0,-4314741000.0,10356930000.0,금융,7142513389095564.0,1.2068580806806897
2026-06-16,055550,신한지주,106700.0,50645620318700.0,474654361,106700.0,51383.0,-21206.0,5482566100.0,-2262680200.0,금융,7142513389095564.0,0.709072808964144
2026-06-16,086790,하나금융지주,132000.0,36216542736000.0,274367748,132000.0,-37481.0,183706.0,-4947492000.0,24249192000.0,금융,7142513389095564.0,0.5070560006410572
2026-06-16,105560,KB금융,172000.0,61006290248000.0,354687734,172000.0,-21412.0,123647.0,-3682864000.0,21267284000.0,금융,7142513389095564.0,0.8541291688880551
2026-06-16,316140,우리금융지주,33050.0,24261222376000.0,734076320,33050.0,292965.0,379298.0,9682493250.0,12535798900.0,금융,7142513389095564.0,0.33967346022815265
2026-06-16,000660,SK하이닉스,2382000.0,1697657033430000.0,712702365,2382000.0,238957.0,351894.0,569195574000.0,838211508000.0,반도체,7142513389095564.0,23.76834233201164
2026-06-16,005930,삼성전자,343000.0,2005273562544000.0,5846278608,343000.0,839414.0,-27451.0,287919002000.0,-9415693000.0,반도체,7142513389095564.0,28.075181008487014
2026-06-16,003230,삼양식품,1143000.0,8610236145000.0,7533015,1143000.0,-4169.0,3981.0,-4765167000.0,4550283000.0,생활소비재,7142513389095564.0,0.12054910751928306
2026-06-16,015760,한국전력,39800.0,25550170264600.0,641964077,39800.0,-227419.0,-587183.0,-9051276200.0,-23369883400.0,생활소비재,7142513389095564.0,0.35771959914849166
2026-06-16,033780,KT&G,185000.0,19204934360000.0,103810456,185000.0,-184282.0,152869.0,-34092170000.0,28280765000.0,생활소비재,7142513389095564.0,0.2688820211288658
2026-06-16,090430,아모레퍼시픽,110400.0,6457600593600.0,58492759,110400.0,-63795.0,8443.0,-7042968000.0,932107200.0,생활소비재,7142513389095564.0,0.09041075937580717
2026-06-16,278470,에이피알,399500.0,14956542922500.0,37438155,399500.0,-21480.0,-19646.0,-8581260000.0,-7848577000.0,생활소비재,7142513389095564.0,0.20940167848105223
2026-06-17,024110,기업은행,22450.0,17902210759050.0,797425869,22450.0,39733.0,-144542.0,892005850.0,-3244967900.0,금융,7253100053919732.0,0.2468215056453724
2026-06-17,032830,삼성생명,447000.0,89400000000000.0,200000000,447000.0,-23781.0,31386.0,-10630107000.0,14029542000.0,금융,7253100053919732.0,1.2325764064386002
2026-06-17,055550,신한지주,103100.0,48936864619100.0,474654361,103100.0,44604.0,-142541.0,4598672400.0,-14695977100.0,금융,7253100053919732.0,0.6747027375232947
2026-06-17,086790,하나금융지주,126800.0,34789830446400.0,274367748,126800.0,-10173.0,-19961.0,-1289936400.0,-2531054800.0,금융,7253100053919732.0,0.47965463302272837
2026-06-17,105560,KB금융,164000.0,58168788376000.0,354687734,164000.0,-49032.0,-109977.0,-8041248000.0,-18036228000.0,금융,7253100053919732.0,0.8019851917603746
2026-06-17,316140,우리금융지주,32150.0,23600553688000.0,734076320,32150.0,-132299.0,106851.0,-4253412850.0,3435259650.0,금융,7253100053919732.0,0.325385745578482
2026-06-17,000660,SK하이닉스,2521000.0,1796722662165000.0,712702365,2521000.0,341331.0,74908.0,860495451000.0,188843068000.0,반도체,7253100053919732.0,24.771789287451128
2026-06-17,005930,삼성전자,346500.0,2025735537672000.0,5846278608,346500.0,1133803.0,-2000080.0,392862739500.0,-693027720000.0,반도체,7253100053919732.0,27.929237465533774
2026-06-17,003230,삼양식품,1145000.0,8625302175000.0,7533015,1145000.0,-792.0,613.0,-906840000.0,701885000.0,생활소비재,7253100053919732.0,0.11891883623387631
2026-06-17,015760,한국전력,40500.0,25999545118500.0,641964077,40500.0,334461.0,-691370.0,13545670500.0,-28000485000.0,생활소비재,7253100053919732.0,0.35846113972258364
2026-06-17,033780,KT&G,187200.0,19433317363200.0,103810456,187200.0,-4077.0,16186.0,-763214400.0,3030019200.0,생활소비재,7253100053919732.0,0.2679311910594397
2026-06-17,090430,아모레퍼시픽,109900.0,6428354214100.0,58492759,109900.0,-54362.0,20069.0,-5974383800.0,2205583100.0,생활소비재,7253100053919732.0,0.0886290574555907
2026-06-17,278470,에이피알,408500.0,15293486317500.0,37438155,408500.0,-3379.0,16711.0,-1380321500.0,6826443500.0,생활소비재,7253100053919732.0,0.2108544788270923
2026-06-18,024110,기업은행,21850.0,17423755237650.0,797425869,21850.0,17715.0,82602.0,387072750.0,1804853700.0,금융,7413247265338499.0,0.23503539830806394
2026-06-18,032830,삼성생명,469000.0,93800000000000.0,200000000,469000.0,80650.0,-56474.0,37824850000.0,-26486306000.0,금융,7413247265338499.0,1.265302459808306
2026-06-18,055550,신한지주,100800.0,47845159588800.0,474654361,100800.0,-178194.0,154966.0,-17961955200.0,15620572800.0,금융,7413247265338499.0,0.64540083281055
2026-06-18,086790,하나금융지주,126100.0,34597773022800.0,274367748,126100.0,-161450.0,210375.0,-20358845000.0,26528287500.0,금융,7413247265338499.0,0.46670199690445935
2026-06-18,105560,KB금융,163100.0,57849569415400.0,354687734,163100.0,-276000.0,204913.0,-45015600000.0,33421310300.0,금융,7413247265338499.0,0.7803539710038057
2026-06-18,316140,우리금융지주,31550.0,23160107896000.0,734076320,31550.0,-170257.0,247542.0,-5371608350.0,7809950100.0,금융,7413247265338499.0,0.3124151544801127
2026-06-18,000660,SK하이닉스,2685000.0,1913605850025000.0,712702365,2685000.0,38559.0,25375.0,103530915000.0,68131875000.0,반도체,7413247265338499.0,25.8133282424328
2026-06-18,005930,삼성전자,362500.0,2119275995400000.0,5846278608,362500.0,1943262.0,2424675.0,704432475000.0,878944687500.0,반도체,7413247265338499.0,28.587687953009766
2026-06-18,003230,삼양식품,1111000.0,8369179665000.0,7533015,1111000.0,-6532.0,-2814.0,-7257052000.0,-3126354000.0,생활소비재,7413247265338499.0,0.11289492128680335
2026-06-18,015760,한국전력,39350.0,25261286429950.0,641964077,39350.0,-664404.0,643744.0,-26144297400.0,25331326400.0,생활소비재,7413247265338499.0,0.3407587191656494
2026-06-18,033780,KT&G,180400.0,18727406262400.0,103810456,180400.0,-52305.0,3192.0,-9435822000.0,575836800.0,생활소비재,7413247265338499.0,0.2526208231305351
2026-06-18,090430,아모레퍼시픽,106300.0,6217780281700.0,58492759,106300.0,-85725.0,-29026.0,-9112567500.0,-3085463800.0,생활소비재,7413247265338499.0,0.0838739092215628
2026-06-18,278470,에이피알,378000.0,14151622590000.0,37438155,378000.0,-100446.0,-136998.0,-37968588000.0,-51785244000.0,생활소비재,7413247265338499.0,0.19089640589984852
2026-06-19,024110,기업은행,21450.0,17104784890050.0,797425869,21450.0,-72345.0,69523.0,-1551800250.0,1491268350.0,금융,7398874682927318.0,0.23118089740753114
2026-06-19,032830,삼성생명,497000.0,99400000000000.0,200000000,497000.0,18071.0,29709.0,8981287000.0,14765373000.0,금융,7398874682927318.0,1.3434475411424731
2026-06-19,055550,신한지주,100900.0,47892625024900.0,474654361,100900.0,-232259.0,297621.0,-23434933100.0,30029958900.0,금융,7398874682927318.0,0.6472960697038267
2026-06-19,086790,하나금융지주,123500.0,33884416878000.0,274367748,123500.0,-93622.0,70576.0,-11562317000.0,8716136000.0,금융,7398874682927318.0,0.4579671683882859
2026-06-19,105560,KB금융,158300.0,56147068292200.0,354687734,158300.0,-67088.0,-145476.0,-10620030400.0,-23028850800.0,금융,7398874682927318.0,0.7588595657898853
2026-06-19,316140,우리금융지주,31050.0,22793069736000.0,734076320,31050.0,-290762.0,305874.0,-9028160100.0,9497387700.0,금융,7398874682927318.0,0.30806130273559473
2026-06-19,000660,SK하이닉스,2764000.0,1969909336860000.0,712702365,2764000.0,259188.0,-317848.0,716395632000.0,-878531872000.0,반도체,7398874682927318.0,26.624445220102277
2026-06-19,005930,삼성전자,354000.0,2069582627232000.0,5846278608,354000.0,-1380348.0,-2468914.0,-488643192000.0,-873995556000.0,반도체,7398874682927318.0,27.971586436076556
2026-06-19,003230,삼양식품,1103000.0,8308915545000.0,7533015,1103000.0,-27090.0,15773.0,-29880270000.0,17397619000.0,생활소비재,7398874682927318.0,0.11229971990433321
2026-06-19,015760,한국전력,37900.0,24330438518300.0,641964077,37900.0,-401705.0,-431484.0,-15224619500.0,-16353243600.0,생활소비재,7398874682927318.0,0.3288397163212098
2026-06-19,033780,KT&G,180000.0,18685882080000.0,103810456,180000.0,-74486.0,45452.0,-13407480000.0,8181360000.0,생활소비재,7398874682927318.0,0.25255032529631993
2026-06-19,090430,아모레퍼시픽,104600.0,6118342591400.0,58492759,104600.0,-33807.0,-9139.0,-3536212200.0,-955939400.0,생활소비재,7398874682927318.0,0.08269288038514684
2026-06-19,278470,에이피알,385500.0,14432408752500.0,37438155,385500.0,72.0,34602.0,27756000.0,13339071000.0,생활소비재,7398874682927318.0,0.19506221379586752
2026-06-22,024110,기업은행,20550.0,16387101607950.0,797425869,20550.0,-366453.0,-44293.0,-7530609150.0,-910221150.0,금융,7449592792676141.0,0.21997311885369789
2026-06-22,032830,삼성생명,450500.0,90100000000000.0,200000000,450500.0,-5415.0,-37722.0,-2439457500.0,-16993761000.0,금융,7449592792676141.0,1.2094620807808354
2026-06-22,055550,신한지주,97500.0,46278800197500.0,474654361,97500.0,-208619.0,112947.0,-20340352500.0,11012332500.0,금융,7449592792676141.0,0.6212259043608089
2026-06-22,086790,하나금융지주,119700.0,32841819435600.0,274367748,119700.0,-96166.0,49417.0,-11511070200.0,5915214900.0,금융,7449592792676141.0,0.4408538875827887
2026-06-22,105560,KB금융,157000.0,55685974238000.0,354687734,157000.0,-158486.0,117694.0,-24882302000.0,18477958000.0,금융,7449592792676141.0,0.7475035990255213
2026-06-22,316140,우리금융지주,29850.0,21912178152000.0,734076320,29850.0,-374703.0,-28503.0,-11184884550.0,-850814550.0,금융,7449592792676141.0,0.2941392739418233
2026-06-22,000660,SK하이닉스,2919000.0,2080378203435000.0,712702365,2919000.0,419974.0,-502831.0,1225904106000.0,-1467763689000.0,반도체,7449592792676141.0,27.92606604592221
2026-06-22,005930,삼성전자,353500.0,2066659487928000.0,5846278608,353500.0,-328401.0,-1266729.0,-116089753500.0,-447788701500.0,반도체,7449592792676141.0,27.74191214800061
2026-06-22,003230,삼양식품,1070000.0,8060326050000.0,7533015,1070000.0,6592.0,-2804.0,7053440000.0,-3000280000.0,생활소비재,7449592792676141.0,0.10819820994678105
2026-06-22,015760,한국전력,38000.0,24394634926000.0,641964077,38000.0,-97252.0,453343.0,-3695576000.0,17227034000.0,생활소비재,7449592792676141.0,0.3274626627912186
2026-06-22,033780,KT&G,174900.0,18156448754400.0,103810456,174900.0,-51866.0,27447.0,-9071363400.0,4800480300.0,생활소비재,7449592792676141.0,0.24372404317521898
2026-06-22,090430,아모레퍼시픽,100700.0,5890220831300.0,58492759,100700.0,-49128.0,-19265.0,-4947189600.0,-1939985500.0,생활소비재,7449592792676141.0,0.07906768860025216
2026-06-22,278470,에이피알,373000.0,13964431815000.0,37438155,373000.0,-26977.0,17536.0,-10062421000.0,6540928000.0,생활소비재,7449592792676141.0,0.18745228368359598
2026-06-23,024110,기업은행,20250.0,16147873847250.0,797425869,20250.0,-147873.0,-9829.0,-2994428250.0,-199037250.0,금융,6706835470356674.0,0.24076740690332227
2026-06-23,032830,삼성생명,425000.0,85000000000000.0,200000000,425000.0,-1576.0,27146.0,-669800000.0,11537050000.0,금융,6706835470356674.0,1.2673637272852265
2026-06-23,055550,신한지주,97700.0,46373731069700.0,474654361,97700.0,-70664.0,135051.0,-6903872800.0,13194482700.0,금융,6706835470356674.0,0.6914398194896201
2026-06-23,086790,하나금융지주,115500.0,31689474894000.0,274367748,115500.0,-99701.0,29140.0,-11515465500.0,3365670000.0,금융,6706835470356674.0,0.4724951884396641
2026-06-23,105560,KB금융,153700.0,54515504715800.0,354687734,153700.0,65019.0,-113751.0,9993420300.0,-17483528700.0,금융,6706835470356674.0,0.8128349794288426
2026-06-23,316140,우리금융지주,29450.0,21618547624000.0,734076320,29450.0,-441028.0,683683.0,-12988274600.0,20134464350.0,금융,6706835470356674.0,0.3223360364146567
2026-06-23,000660,SK하이닉스,2555000.0,1820954542575000.0,712702365,2555000.0,-925092.0,-937255.0,-2363610060000.0,-2394686525000.0,반도체,6706835470356674.0,27.150726309350787
2026-06-23,005930,삼성전자,310000.0,1812346368480000.0,5846278608,310000.0,-4359775.0,-2251501.0,-1351530250000.0,-697965310000.0,반도체,6706835470356674.0,27.022377043395966
2026-06-23,003230,삼양식품,1072000.0,8075392080000.0,7533015,1072000.0,25633.0,-1594.0,27478576000.0,-1708768000.0,생활소비재,6706835470356674.0,0.12040540006821646
2026-06-23,015760,한국전력,36250.0,23271197791250.0,641964077,36250.0,168509.0,-83113.0,6108451250.0,-3012846250.0,생활소비재,6706835470356674.0,0.34697731730718034
2026-06-23,033780,KT&G,172600.0,17917684705600.0,103810456,172600.0,41557.0,-32778.0,7172738200.0,-5657482800.0,생활소비재,6706835470356674.0,0.2671555726213025
2026-06-23,090430,아모레퍼시픽,96200.0,5627003415800.0,58492759,96200.0,-71096.0,2834.0,-6839435200.0,272630800.0,생활소비재,6706835470356674.0,0.08389952967641165
2026-06-23,278470,에이피알,355500.0,13309264102500.0,37438155,355500.0,24694.0,-1391.0,8778717000.0,-494500500.0,생활소비재,6706835470356674.0,0.19844327718079843
2026-06-24,024110,기업은행,20150.0,16068131260350.0,797425869,20150.0,-175896.0,-688832.0,-3544304400.0,-13879964800.0,금융,6927816045835479.0,0.23193645954281716
2026-06-24,032830,삼성생명,433000.0,86600000000000.0,200000000,433000.0,-16100.0,36396.0,-6971300000.0,15759468000.0,금융,6927816045835479.0,1.2500331912256517
2026-06-24,055550,신한지주,95700.0,45424422347700.0,474654361,95700.0,-35191.0,-156095.0,-3367778700.0,-14938291500.0,금융,6927816045835479.0,0.6556817046983515
2026-06-24,086790,하나금융지주,114200.0,31332796821600.0,274367748,114200.0,15603.0,-73900.0,1781862600.0,-8439380000.0,금융,6927816045835479.0,0.4522752425049608
2026-06-24,105560,KB금융,151800.0,53841598021200.0,354687734,151800.0,-123319.0,-25786.0,-18719824200.0,-3914314800.0,금융,6927816045835479.0,0.7771799606827872
2026-06-24,316140,우리금융지주,29250.0,21471732360000.0,734076320,29250.0,-194497.0,-10924.0,-5689037250.0,-319527000.0,금융,6927816045835479.0,0.3099350822530473
2026-06-24,000660,SK하이닉스,2580000.0,1838772101700000.0,712702365,2580000.0,343532.0,-1407204.0,886312560000.0,-3630586320000.0,반도체,6927816045835479.0,26.54187249682159
2026-06-24,005930,삼성전자,340500.0,1990657866024000.0,5846278608,340500.0,2969153.0,-596340.0,1010996596500.0,-203053770000.0,반도체,6927816045835479.0,28.73427719289176
2026-06-24,003230,삼양식품,1122000.0,8452042830000.0,7533015,1122000.0,18113.0,-6377.0,20322786000.0,-7154994000.0,생활소비재,6927816045835479.0,0.12200154816582898
2026-06-24,015760,한국전력,36750.0,23592179829750.0,641964077,36750.0,-107026.0,410486.0,-3933205500.0,15085360500.0,생활소비재,6927816045835479.0,0.3405428157107604
2026-06-24,033780,KT&G,168600.0,17502442881600.0,103810456,168600.0,-37969.0,24936.0,-6401573400.0,4204209600.0,생활소비재,6927816045835479.0,0.25264012158811944
2026-06-24,090430,아모레퍼시픽,98000.0,5732290382000.0,58492759,98000.0,-29265.0,26449.0,-2867970000.0,2592002000.0,생활소비재,6927816045835479.0,0.08274310899819365
2026-06-24,278470,에이피알,371000.0,13889555505000.0,37438155,371000.0,18032.0,-4289.0,6689872000.0,-1591219000.0,생활소비재,6927816045835479.0,0.2004896696607502
2026-06-25,024110,기업은행,19950.0,15908646086550.0,797425869,19950.0,721.0,-176911.0,14383950.0,-3529374450.0,금융,7310414588574391.0,0.21761619527590098
2026-06-25,032830,삼성생명,447000.0,89400000000000.0,200000000,447000.0,43288.0,-66059.0,19349736000.0,-29528373000.0,금융,7310414588574391.0,1.222912858317574
2026-06-25,055550,신한지주,94500.0,44854837114500.0,474654361,94500.0,-95402.0,-15081.0,-9015489000.0,-1425154500.0,금융,7310414588574391.0,0.6135744638150156
2026-06-25,086790,하나금융지주,114000.0,31277923272000.0,274367748,114000.0,-83239.0,38256.0,-9489246000.0,4361184000.0,금융,7310414588574391.0,0.42785430146307923
2026-06-25,105560,KB금융,151900.0,53877066794600.0,354687734,151900.0,-33431.0,-16519.0,-5078168900.0,-2509236100.0,금융,7310414588574391.0,0.736990578876411
2026-06-25,316140,우리금융지주,29050.0,21324917096000.0,734076320,29050.0,-563269.0,353702.0,-16362964450.0,10275043100.0,금융,7310414588574391.0,0.29170598791112595
2026-06-25,000660,SK하이닉스,2917000.0,2078952798705000.0,712702365,2917000.0,865177.0,-113276.0,2523721309000.0,-330426092000.0,반도체,7310414588574391.0,28.438233885588943
2026-06-25,005930,삼성전자,358500.0,2095890880968000.0,5846278608,358500.0,3411480.0,-1773490.0,1223015580000.0,-635796165000.0,반도체,7310414588574391.0,28.66993185644648
2026-06-25,003230,삼양식품,1143000.0,8610236145000.0,7533015,1143000.0,10063.0,-96.0,11502009000.0,-109728000.0,생활소비재,7310414588574391.0,0.11778040822003624
2026-06-25,015760,한국전력,38800.0,24908206187600.0,641964077,38800.0,436824.0,-33466.0,16948771200.0,-1298480800.0,생활소비재,7310414588574391.0,0.3407222105642215
2026-06-25,033780,KT&G,170500.0,17699682748000.0,103810456,170500.0,-18112.0,28249.0,-3088096000.0,4816454500.0,생활소비재,7310414588574391.0,0.2421159912826726
2026-06-25,090430,아모레퍼시픽,97700.0,5714742554300.0,58492759,97700.0,-28826.0,38091.0,-2816300200.0,3721490700.0,생활소비재,7310414588574391.0,0.07817261914572804
2026-06-25,278470,에이피알,381000.0,14263937055000.0,37438155,381000.0,12173.0,-5651.0,4637913000.0,-2153031000.0,생활소비재,7310414588574391.0,0.19511803170908287
2026-06-26,024110,기업은행,19660.0,15677392584540.0,797425869,19660.0,49449.0,-282174.0,972167340.0,-5547540840.0,금융,6885382217962999.0,0.2276909558287102
2026-06-26,032830,삼성생명,432500.0,86500000000000.0,200000000,432500.0,15149.0,11586.0,6551942500.0,5010945000.0,금융,6885382217962999.0,1.256284651479966
2026-06-26,055550,신한지주,91600.0,43478339467600.0,474654361,91600.0,-62014.0,-36259.0,-5680482400.0,-3321324400.0,금융,6885382217962999.0,0.6314586190171273
2026-06-26,086790,하나금융지주,109700.0,30098141955600.0,274367748,109700.0,-41592.0,-43863.0,-4562642400.0,-4811771100.0,금융,6885382217962999.0,0.4371310263223755
2026-06-26,105560,KB금융,149300.0,52954878686200.0,354687734,149300.0,-21095.0,-63894.0,-3149483500.0,-9539374200.0,금융,6885382217962999.0,0.7690913446757992
2026-06-26,316140,우리금융지주,28350.0,20811063672000.0,734076320,28350.0,-252733.0,-20182.0,-7164980550.0,-572159700.0,금융,6885382217962999.0,0.3022499407179872
2026-06-26,000660,SK하이닉스,2673000.0,1905053421645000.0,712702365,2673000.0,-1065176.0,-847969.0,-2847215448000.0,-2266621137000.0,반도체,6885382217962999.0,27.668085246959595
2026-06-26,005930,삼성전자,339500.0,1984811587416000.0,5846278608,339500.0,-3593889.0,-5975701.0,-1220125315500.0,-2028750489500.0,반도체,6885382217962999.0,28.826454720812798
2026-06-26,003230,삼양식품,1111000.0,8369179665000.0,7533015,1111000.0,5207.0,-3515.0,5784977000.0,-3905165000.0,생활소비재,6885382217962999.0,0.12154996483951146
2026-06-26,015760,한국전력,37100.0,23816867256700.0,641964077,37100.0,-75568.0,199243.0,-2803572800.0,7391915300.0,생활소비재,6885382217962999.0,0.34590479515523664
2026-06-26,033780,KT&G,167400.0,17377870334400.0,103810456,167400.0,-23080.0,14847.0,-3863592000.0,2485387800.0,생활소비재,6885382217962999.0,0.2523878818094305
2026-06-26,090430,아모레퍼시픽,97000.0,5673797623000.0,58492759,97000.0,41546.0,-40897.0,4029962000.0,-3967009000.0,생활소비재,6885382217962999.0,0.08240352450148454
2026-06-26,278470,에이피알,363000.0,13590050265000.0,37438155,363000.0,1667.0,-19021.0,605121000.0,-6904623000.0,생활소비재,6885382217962999.0,0.19737539376602012
2026-06-29,024110,기업은행,20150.0,16068131260350.0,797425869,20150.0,150068.0,-108152.0,3023870200.0,-2179262800.0,금융,6864567783312275.0,0.2340734590663018
2026-06-29,032830,삼성생명,408500.0,81700000000000.0,200000000,408500.0,-5058.0,15650.0,-2066193000.0,6393025000.0,금융,6864567783312275.0,1.1901696156109383
2026-06-29,055550,신한지주,96400.0,45756680400400.0,474654361,96400.0,176578.0,-73058.0,17022119200.0,-7042791200.0,금융,6864567783312275.0,0.6665631667536918
2026-06-29,086790,하나금융지주,114800.0,31497417470400.0,274367748,114800.0,-1979.0,35767.0,-227189200.0,4106051600.0,금융,6864567783312275.0,0.458840504816196
2026-06-29,105560,KB금융,153700.0,54515504715800.0,354687734,153700.0,142616.0,-149625.0,21920079200.0,-22997362500.0,금융,6864567783312275.0,0.7941578615965724
2026-06-29,316140,우리금융지주,29100.0,21361620912000.0,734076320,29100.0,-94225.0,6166.0,-2741947500.0,179430600.0,금융,6864567783312275.0,0.3111866848183797
2026-06-29,000660,SK하이닉스,2628000.0,1872981815220000.0,712702365,2628000.0,276941.0,-1268744.0,727800948000.0,-3334259232000.0,반도체,6864567783312275.0,27.284774137902872
2026-06-29,005930,삼성전자,323000.0,1888347990384000.0,5846278608,323000.0,2446957.0,-11904952.0,790367111000.0,-3845299496000.0,반도체,6864567783312275.0,27.508621809730876
2026-06-29,003230,삼양식품,1160000.0,8738297400000.0,7533015,1160000.0,17076.0,-6617.0,19808160000.0,-7675720000.0,생활소비재,6864567783312275.0,0.12729566778031898
2026-06-29,015760,한국전력,38250.0,24555125945250.0,641964077,38250.0,704399.0,-606702.0,26943261750.0,-23206351500.0,생활소비재,6864567783312275.0,0.3577082595781685
2026-06-29,033780,KT&G,172700.0,17928065751200.0,103810456,172700.0,10532.0,254.0,1818876400.0,43865800.0,생활소비재,6864567783312275.0,0.2611681655294165
2026-06-29,090430,아모레퍼시픽,111500.0,6521942628500.0,58492759,111500.0,340474.0,-35792.0,37962851000.0,-3990808000.0,생활소비재,6864567783312275.0,0.09500878765236764
2026-06-29,278470,에이피알,386000.0,14451127830000.0,37438155,386000.0,34956.0,-22595.0,13493016000.0,-8721670000.0,생활소비재,6864567783312275.0,0.21051766529468335
2026-06-30,024110,기업은행,19900.0,15868774793100.0,797425869,19900.0,102009.0,-149583.0,2029979100.0,-2976701700.0,금융,6929540848101061.0,0.22900182192372248
2026-06-30,032830,삼성생명,401000.0,80200000000000.0,200000000,401000.0,6302.0,-3638.0,2527102000.0,-1458838000.0,금융,6929540848101061.0,1.1573638392214347
2026-06-30,055550,신한지주,95800.0,45471887783800.0,474654361,95800.0,149149.0,-148261.0,14288474200.0,-14203403800.0,금융,6929540848101061.0,0.656203474091085
2026-06-30,086790,하나금융지주,114600.0,31442543920800.0,274367748,114600.0,-39194.0,30133.0,-4491632400.0,3453241800.0,금융,6929540848101061.0,0.45374642577388613
2026-06-30,105560,KB금융,159000.0,56395349706000.0,354687734,159000.0,-11831.0,193888.0,-1881129000.0,30828192000.0,금융,6929540848101061.0,0.8138396315457801
2026-06-30,316140,우리금융지주,29000.0,21114600778000.0,728089682,29000.0,308861.0,-309467.0,8956969000.0,-8974543000.0,금융,6929540848101061.0,0.3047041822949373
2026-06-30,000660,SK하이닉스,2650000.0,1888661267250000.0,712702365,2650000.0,284306.0,-602006.0,753410900000.0,-1595315900000.0,반도체,6929540848101061.0,27.25521515278404
2026-06-30,005930,삼성전자,334000.0,1952657055072000.0,5846278608,334000.0,2731943.0,-2627167.0,912468962000.0,-877473778000.0,반도체,6929540848101061.0,28.17873648305424
2026-06-30,003230,삼양식품,1119000.0,8429443785000.0,7533015,1119000.0,-3141.0,-4913.0,-3514779000.0,-5497647000.0,생활소비재,6929540848101061.0,0.12164505513103319
2026-06-30,015760,한국전력,37000.0,23752670849000.0,641964077,37000.0,-103788.0,-200461.0,-3840156000.0,-7417057000.0,생활소비재,6929540848101061.0,0.34277409383493385
2026-06-30,033780,KT&G,169700.0,17616634383200.0,103810456,169700.0,27187.0,-25777.0,4613633900.0,-4374356900.0,생활소비재,6929540848101061.0,0.254225132218213
2026-06-30,090430,아모레퍼시픽,105700.0,6182684626300.0,58492759,105700.0,-19093.0,-10687.0,-2018130100.0,-1129615900.0,생활소비재,6929540848101061.0,0.08922213984775447
2026-06-30,278470,에이피알,385500.0,14432408752500.0,37438155,385500.0,48645.0,-33986.0,18752647500.0,-13101603000.0,생활소비재,6929540848101061.0,0.2082736658728982
2026-07-01,024110,기업은행,20250.0,16147873847250.0,797425869,20250.0,-3723.0,149689.0,-75390750.0,3031202250.0,금융,6785431956394503.0,0.23797856866035555
2026-07-01,032830,삼성생명,387000.0,77400000000000.0,200000000,387000.0,-77761.0,88639.0,-30093507000.0,34303293000.0,금융,6785431956394503.0,1.1406790385254582
2026-07-01,055550,신한지주,96400.0,45756680400400.0,474654361,96400.0,-8768.0,-6895.0,-845235200.0,-664678000.0,금융,6785431956394503.0,0.6743370310755161
2026-07-01,086790,하나금융지주,116400.0,31936405867200.0,274367748,116400.0,35097.0,-15428.0,4085290800.0,-1795819200.0,금융,6785431956394503.0,0.47066135321132424
2026-07-01,105560,KB금융,158500.0,56218005839000.0,354687734,158500.0,251341.0,-316756.0,39837548500.0,-50205826000.0,금융,6785431956394503.0,0.8285103468766035
2026-07-01,316140,우리금융지주,29350.0,21369432166700.0,728089682,29350.0,119785.0,-126355.0,3515689750.0,-3708519250.0,금융,6785431956394503.0,0.3149310508752759
2026-07-01,000660,SK하이닉스,2560000.0,1824518054400000.0,712702365,2560000.0,-308954.0,-3130.0,-790922240000.0,-8012800000.0,반도체,6785431956394503.0,26.888753230818235
2026-07-01,005930,삼성전자,314500.0,1838654622216000.0,5846278608,314500.0,-1855765.0,-3377992.0,-583638092500.0,-1062378484000.0,반도체,6785431956394503.0,27.097090266792456
2026-07-01,003230,삼양식품,1162000.0,8753363430000.0,7533015,1162000.0,5606.0,1011.0,6514172000.0,1174782000.0,생활소비재,6785431956394503.0,0.1290023020826396
2026-07-01,015760,한국전력,37600.0,24137849295200.0,641964077,37600.0,188069.0,-92396.0,7071394400.0,-3474089600.0,생활소비재,6785431956394503.0,0.3557304744976892
2026-07-01,033780,KT&G,167100.0,17346727197600.0,103810456,167100.0,-31574.0,23749.0,-5276015400.0,3968457900.0,생활소비재,6785431956394503.0,0.25564661629614704
2026-07-01,090430,아모레퍼시픽,113600.0,6644777422400.0,58492759,113600.0,183609.0,-98880.0,20857982400.0,-11232768000.0,생활소비재,6785431956394503.0,0.09792711009559307
2026-07-01,278470,에이피알,408000.0,15274767240000.0,37438155,408000.0,37971.0,32060.0,15492168000.0,13080480000.0,생활소비재,6785431956394503.0,0.2251111990829892
2026-07-02,024110,기업은행,20600.0,16426972901400.0,797425869,20600.0,232702.0,212100.0,4793661200.0,4369260000.0,금융,6251410554182236.0,0.2627722617003653
2026-07-02,032830,삼성생명,370500.0,74100000000000.0,200000000,370500.0,4675.0,24131.0,1732087500.0,8940535500.0,금융,6251410554182236.0,1.1853324838892014
2026-07-02,055550,신한지주,102200.0,48509675694200.0,474654361,102200.0,869786.0,-443103.0,88892129200.0,-45285126600.0,금융,6251410554182236.0,0.7759796812856372
2026-07-02,086790,하나금융지주,120800.0,33143623958400.0,274367748,120800.0,272979.0,-170257.0,32975863200.0,-20567045600.0,금융,6251410554182236.0,0.5301783280931164
2026-07-02,105560,KB금융,165000.0,58523476110000.0,354687734,165000.0,798794.0,-399857.0,131801010000.0,-65976405000.0,금융,6251410554182236.0,0.9361643360768779
2026-07-02,316140,우리금융지주,30200.0,21988308396400.0,728089682,30200.0,543174.0,14872.0,16403854800.0,449134400.0,금융,6251410554182236.0,0.3517335520651363
2026-07-02,000660,SK하이닉스,2187000.0,1558680072255000.0,712702365,2187000.0,-1372901.0,-687600.0,-3002534487000.0,-1503781200000.0,반도체,6251410554182236.0,24.93325400316625
2026-07-02,005930,삼성전자,286000.0,1672035681888000.0,5846278608,286000.0,-2166435.0,-5007053.0,-619600410000.0,-1432017158000.0,반도체,6251410554182236.0,26.746534520427502
2026-07-02,003230,삼양식품,1159000.0,8730764385000.0,7533015,1159000.0,15271.0,-7701.0,17699089000.0,-8925459000.0,생활소비재,6251410554182236.0,0.1396607103201542
2026-07-02,015760,한국전력,38150.0,24490929537550.0,641964077,38150.0,1125912.0,-490511.0,42953542800.0,-18712994650.0,생활소비재,6251410554182236.0,0.39176645535087123
2026-07-02,033780,KT&G,173000.0,17959208888000.0,103810456,173000.0,57432.0,-17917.0,9935736000.0,-3099641000.0,생활소비재,6251410554182236.0,0.28728250580159337
2026-07-02,090430,아모레퍼시픽,119400.0,6984035424600.0,58492759,119400.0,309100.0,-46178.0,36906540000.0,-5513653200.0,생활소비재,6251410554182236.0,0.11171935300150193
2026-07-02,278470,에이피알,402000.0,15050138310000.0,37438155,402000.0,103642.0,-105715.0,41664084000.0,-42497430000.0,생활소비재,6251410554182236.0,0.24074787889161042
2026-07-03,024110,기업은행,21300.0,16985171009700.0,797425869,21300.0,325681.0,235.0,6937005300.0,5005500.0,금융,6617011062826598.0,0.2566894757834124
2026-07-03,032830,삼성생명,383000.0,76600000000000.0,200000000,383000.0,80009.0,-70581.0,30643447000.0,-27032523000.0,금융,6617011062826598.0,1.1576223656376763
2026-07-03,055550,신한지주,107300.0,50930412935300.0,474654361,107300.0,333461.0,-120687.0,35780365300.0,-12949715100.0,금융,6617011062826598.0,0.7696891005883248
2026-07-03,086790,하나금융지주,125600.0,34460589148800.0,274367748,125600.0,288199.0,-154027.0,36197794400.0,-19345791200.0,금융,6617011062826598.0,0.5207878424504163
2026-07-03,105560,KB금융,170100.0,60332383553400.0,354687734,170100.0,469511.0,-318244.0,79863821100.0,-54133304400.0,금융,6617011062826598.0,0.9117769787682315
2026-07-03,316140,우리금융지주,30750.0,22388757721500.0,728089682,30750.0,514741.0,-275713.0,15828285750.0,-8478174750.0,금융,6617011062826598.0,0.33835152320171824
2026-07-03,000660,SK하이닉스,2425000.0,1728303235125000.0,712702365,2425000.0,1071876.0,-745377.0,2599299300000.0,-1807539225000.0,반도체,6617011062826598.0,26.119092422776124
2026-07-03,005930,삼성전자,309500.0,1809423229176000.0,5846278608,309500.0,4369649.0,-1365575.0,1352406365500.0,-422645462500.0,반도체,6617011062826598.0,27.345023485619897
2026-07-03,003230,삼양식품,1111000.0,8369179665000.0,7533015,1111000.0,-8987.0,5580.0,-9984557000.0,6199380000.0,생활소비재,6617011062826598.0,0.126479759298225
2026-07-03,015760,한국전력,38250.0,24555125945250.0,641964077,38250.0,358954.0,-237979.0,13729990500.0,-9102696750.0,생활소비재,6617011062826598.0,0.37109090059101024
2026-07-03,033780,KT&G,175100.0,18177210845600.0,103810456,175100.0,17950.0,-4137.0,3143045000.0,-724388700.0,생활소비재,6617011062826598.0,0.27470425352190986
2026-07-03,090430,아모레퍼시픽,121200.0,7089322390800.0,58492759,121200.0,-4793.0,99134.0,-580911600.0,12015040800.0,생활소비재,6617011062826598.0,0.10713783494524859
2026-07-03,278470,에이피알,382500.0,14320094287500.0,37438155,382500.0,19356.0,-52640.0,7403670000.0,-20134800000.0,생활소비재,6617011062826598.0,0.216413334533294
2026-07-06,024110,기업은행,21300.0,16985171009700.0,797425869,21300.0,62307.0,54152.0,1327139100.0,1153437600.0,금융,6591595226499214.0,0.25767921764092905
2026-07-06,032830,삼성생명,393500.0,78700000000000.0,200000000,393500.0,38439.0,-26508.0,15125746500.0,-10430898000.0,금융,6591595226499214.0,1.193944671899968
2026-07-06,055550,신한지주,107700.0,51120274679700.0,474654361,107700.0,152341.0,-127883.0,16407125700.0,-13772999100.0,금융,6591595226499214.0,0.7755372246491825
2026-07-06,086790,하나금융지주,124800.0,34241094950400.0,274367748,124800.0,123462.0,-78653.0,15408057600.0,-9815894400.0,금융,6591595226499214.0,0.5194659831772679
2026-07-06,105560,KB금융,170900.0,60616133740600.0,354687734,170900.0,307596.0,-273821.0,52568156400.0,-46796008900.0,금융,6591595226499214.0,0.9195973305052764
2026-07-06,316140,우리금융지주,31150.0,22679993594300.0,728089682,31150.0,118313.0,-4754.0,3685449950.0,-148087100.0,금융,6591595226499214.0,0.3440744283435819
2026-07-06,000660,SK하이닉스,2343000.0,1669861641195000.0,712702365,2343000.0,-584423.0,-27696.0,-1369303089000.0,-64891728000.0,반도체,6591595226499214.0,25.33319452750834
2026-07-06,005930,삼성전자,318000.0,1859116597344000.0,5846278608,318000.0,14823.0,-2018562.0,4713714000.0,-641902716000.0,반도체,6591595226499214.0,28.204350137734018
2026-07-06,003230,삼양식품,1098000.0,8271250470000.0,7533015,1098000.0,-9932.0,5632.0,-10905336000.0,6183936000.0,생활소비재,6591595226499214.0,0.1254817716468438
2026-07-06,015760,한국전력,39150.0,25132893614550.0,641964077,39150.0,208838.0,-115714.0,8176007700.0,-4530203100.0,생활소비재,6591595226499214.0,0.38128696849454513
2026-07-06,033780,KT&G,172600.0,17917684705600.0,103810456,172600.0,-17450.0,5827.0,-3011870000.0,1005740200.0,생활소비재,6591595226499214.0,0.27182622855190175
2026-07-06,090430,아모레퍼시픽,121400.0,7101020942600.0,58492759,121400.0,9156.0,13526.0,1111538400.0,1642056400.0,생활소비재,6591595226499214.0,0.10772841320797152
2026-07-06,278470,에이피알,378500.0,14170341667500.0,37438155,378500.0,-8842.0,-32297.0,-3346697000.0,-12224414500.0,생활소비재,6591595226499214.0,0.2149759076609115
2026-07-07,024110,기업은행,21350.0,17025042303150.0,797425869,21350.0,-57985.0,191100.0,-1237979750.0,4079985000.0,금융,6266412200628105.0,0.27168723917401283
2026-07-07,032830,삼성생명,375000.0,75000000000000.0,200000000,375000.0,-12812.0,29380.0,-4804500000.0,11017500000.0,금융,6266412200628105.0,1.1968571105565395
2026-07-07,055550,신한지주,108600.0,51547463604600.0,474654361,108600.0,485821.0,-408729.0,52760160600.0,-44387969400.0,금융,6266412200628105.0,0.8225993112842658
2026-07-07,086790,하나금융지주,126900.0,34817267221200.0,274367748,126900.0,266750.0,-178908.0,33850575000.0,-22703425200.0,금융,6266412200628105.0,0.5556172512512046
2026-07-07,105560,KB금융,173200.0,61431915528800.0,354687734,173200.0,389500.0,-347746.0,67461400000.0,-60229607200.0,금융,6266412200628105.0,0.9803363322100398
2026-07-07,316140,우리금융지주,31550.0,22971229467100.0,728089682,31550.0,241296.0,55074.0,7612888800.0,1737584700.0,금융,6266412200628105.0,0.3665770576789939
2026-07-07,000660,SK하이닉스,2201000.0,1568657905365000.0,712702365,2201000.0,-23811.0,-542009.0,-52408011000.0,-1192961809000.0,반도체,6266412200628105.0,25.032791574224365
2026-07-07,005930,삼성전자,296000.0,1730498467968000.0,5846278608,296000.0,-1852807.0,-6145090.0,-548430872000.0,-1818946640000.0,반도체,6266412200628105.0,27.615458615929317
2026-07-07,003230,삼양식품,1222000.0,9205344330000.0,7533015,1222000.0,31985.0,14479.0,39085670000.0,17693338000.0,생활소비재,6266412200628105.0,0.14689975755309098
2026-07-07,015760,한국전력,38200.0,24523027741400.0,641964077,38200.0,373524.0,-344095.0,14268616800.0,-13144429000.0,생활소비재,6266412200628105.0,0.39134080166226487
2026-07-07,033780,KT&G,183400.0,19038837630400.0,103810456,183400.0,88677.0,-15148.0,16263361800.0,-2778143200.0,생활소비재,6266412200628105.0,0.30382357592900877
2026-07-07,090430,아모레퍼시픽,126500.0,7399334013500.0,58492759,126500.0,91978.0,59116.0,11635217000.0,7478174000.0,생활소비재,6266412200628105.0,0.11807927369920444
2026-07-07,278470,에이피알,410000.0,15349643550000.0,37438155,410000.0,97959.0,-20146.0,40163190000.0,-8259860000.0,생활소비재,6266412200628105.0,0.24495106703101097
2026-07-08,024110,기업은행,20950.0,16706071955550.0,797425869,20950.0,-48429.0,122506.0,-1014587550.0,2566500700.0,금융,5931056230750011.0,0.28167111060144906
2026-07-08,032830,삼성생명,346000.0,69200000000000.0,200000000,346000.0,-26681.0,47003.0,-9231626000.0,16263038000.0,금융,5931056230750011.0,1.1667399078300313
2026-07-08,055550,신한지주,107300.0,50930412935300.0,474654361,107300.0,68096.0,-29801.0,7306700800.0,-3197647300.0,금융,5931056230750011.0,0.8587073019346438
2026-07-08,086790,하나금융지주,122300.0,33555175580400.0,274367748,122300.0,85505.0,-137901.0,10457261500.0,-16865292300.0,금융,5931056230750011.0,0.565753792830873
2026-07-08,105560,KB금융,171000.0,60651602514000.0,354687734,171000.0,184919.0,-116486.0,31621149000.0,-19919106000.0,금융,5931056230750011.0,1.0226104787128332
2026-07-08,316140,우리금융지주,30700.0,22352353237400.0,728089682,30700.0,-75090.0,30628.0,-2305263000.0,940279600.0,금융,5931056230750011.0,0.37686969011543897
2026-07-08,000660,SK하이닉스,2076000.0,1479570109740000.0,712702365,2076000.0,-285353.0,88312.0,-592392828000.0,183335712000.0,반도체,5931056230750011.0,24.946148749510357
2026-07-08,005930,삼성전자,277500.0,1622342313720000.0,5846278608,277500.0,971031.0,-3015093.0,269461102500.0,-836688307500.0,반도체,5931056230750011.0,27.353345687549602
2026-07-08,003230,삼양식품,1146000.0,8632835190000.0,7533015,1146000.0,2825.0,-2354.0,3237450000.0,-2697684000.0,생활소비재,5931056230750011.0,0.1455530828597175
2026-07-08,015760,한국전력,36750.0,23592179829750.0,641964077,36750.0,137328.0,-141655.0,5046804000.0,-5205821250.0,생활소비재,5931056230750011.0,0.3977736664750294
2026-07-08,033780,KT&G,184300.0,19132267040800.0,103810456,184300.0,69170.0,-37605.0,12748031000.0,-6930601500.0,생활소비재,5931056230750011.0,0.3225777382046609
2026-07-08,090430,아모레퍼시픽,124300.0,7270649943700.0,58492759,124300.0,-37130.0,133002.0,-4615259000.0,16532148600.0,생활소비재,5931056230750011.0,0.12258609024822197
2026-07-08,278470,에이피알,385500.0,14432408752500.0,37438155,385500.0,5793.0,-61538.0,2233201500.0,-23722899000.0,생활소비재,5931056230750011.0,0.24333623204706914
2026-07-09,024110,기업은행,20500.0,16347230314500.0,797425869,20500.0,-159732.0,119363.0,-3274506000.0,2446941500.0,금융,5964859973661527.0,0.2740589114695556
2026-07-09,032830,삼성생명,326000.0,65200000000000.0,200000000,326000.0,-33741.0,23036.0,-10999566000.0,7509736000.0,금융,5964859973661527.0,1.0930684087790414
2026-07-09,055550,신한지주,105000.0,49838707905000.0,474654361,105000.0,186667.0,-184374.0,19600035000.0,-19359270000.0,금융,5964859973661527.0,0.8355386065233401
2026-07-09,086790,하나금융지주,122600.0,33637485904800.0,274367748,122600.0,78866.0,-31827.0,9668971600.0,-3901990200.0,금융,5964859973661527.0,0.5639275029645272
2026-07-09,105560,KB금융,171400.0,60793477607600.0,354687734,171400.0,644493.0,-575548.0,110466100200.0,-98648927200.0,금융,5964859973661527.0,1.0191937090902394
2026-07-09,316140,우리금융지주,30050.0,21879094944100.0,728089682,30050.0,-180448.0,116497.0,-5422462400.0,3500734850.0,금융,5964859973661527.0,0.3667998082219779
2026-07-09,000660,SK하이닉스,2186000.0,1557967369890000.0,712702365,2186000.0,404365.0,-209485.0,883941890000.0,-457934210000.0,반도체,5964859973661527.0,26.119093772014274
2026-07-09,005930,삼성전자,278000.0,1625265453024000.0,5846278608,278000.0,1107761.0,845552.0,307957558000.0,235063456000.0,반도체,5964859973661527.0,27.24733623589711
2026-07-09,003230,삼양식품,1103000.0,8308915545000.0,7533015,1103000.0,-2602.0,-7402.0,-2870006000.0,-8164406000.0,생활소비재,5964859973661527.0,0.13929774683209495
2026-07-09,015760,한국전력,35200.0,22597135510400.0,641964077,35200.0,-194379.0,3237.0,-6842140800.0,113942400.0,생활소비재,5964859973661527.0,0.3788376526889156
2026-07-09,033780,KT&G,176400.0,18312164438400.0,103810456,176400.0,-38137.0,20993.0,-6727366800.0,3703165200.0,생활소비재,5964859973661527.0,0.30700074300585944
2026-07-09,090430,아모레퍼시픽,116300.0,6802707871700.0,58492759,116300.0,-9311.0,6233.0,-1082869300.0,724897900.0,생활소비재,5964859973661527.0,0.11404639675932175
2026-07-09,278470,에이피알,365500.0,13683645652500.0,37438155,365500.0,-38259.0,-67855.0,-13983664500.0,-24801002500.0,생활소비재,5964859973661527.0,0.22940430643672427
2026-07-10,024110,기업은행,21250.0,16945299716250.0,797425869,21250.0,10097.0,460028.0,214561250.0,9775595000.0,금융,6118604296140554.0,0.27694714180060026
2026-07-10,032830,삼성생명,340500.0,68100000000000.0,200000000,340500.0,75971.0,-67377.0,25868125500.0,-22941868500.0,금융,6118604296140554.0,1.112998924329125
2026-07-10,055550,신한지주,109200.0,51832256221200.0,474654361,109200.0,250331.0,264724.0,27336145200.0,28907860800.0,금융,6118604296140554.0,0.8471254834030426
2026-07-10,086790,하나금융지주,128500.0,35256255618000.0,274367748,128500.0,27949.0,69022.0,3591446500.0,8869327000.0,금융,6118604296140554.0,0.576214017308468
2026-07-10,105560,KB금융,184400.0,65404418149600.0,354687734,184400.0,174290.0,170792.0,32139076000.0,31494044800.0,금융,6118604296140554.0,1.068943422127417
2026-07-10,316140,우리금융지주,31450.0,22898420498900.0,728089682,31450.0,42462.0,647819.0,1335429900.0,20373907550.0,금융,6118604296140554.0,0.37424254602219803
2026-07-10,000660,SK하이닉스,2180000.0,1553691155700000.0,712702365,2180000.0,204193.0,-768843.0,445140740000.0,-1676077740000.0,반도체,6118604296140554.0,25.39290139550331
2026-07-10,005930,삼성전자,285000.0,1666189403280000.0,5846278608,285000.0,2313745.0,625985.0,659417325000.0,178405725000.0,반도체,6118604296140554.0,27.231527365333726
2026-07-10,003230,삼양식품,1139000.0,8580104085000.0,7533015,1139000.0,-3402.0,422.0,-3874878000.0,480658000.0,생활소비재,6118604296140554.0,0.14022975943079197
2026-07-10,015760,한국전력,36200.0,23239099587400.0,641964077,36200.0,218422.0,30871.0,7906876400.0,1117530200.0,생활소비재,6118604296140554.0,0.37981046759403253
2026-07-10,033780,KT&G,173500.0,18011114116000.0,103810456,173500.0,-57412.0,41858.0,-9960982000.0,7262363000.0,생활소비재,6118604296140554.0,0.2943663823359342
2026-07-10,090430,아모레퍼시픽,123100.0,7200458632900.0,58492759,123100.0,-3298.0,107654.0,-405983800.0,13252207400.0,생활소비재,6118604296140554.0,0.11768139079433278
2026-07-10,278470,에이피알,375000.0,14039308125000.0,37438155,375000.0,-37287.0,44224.0,-13982625000.0,16584000000.0,생활소비재,6118604296140554.0,0.2294527876864926
2026-07-13,024110,기업은행,21150.0,16865557129350.0,797425869,21150.0,-39456.0,-21902.0,-834494400.0,-463227300.0,금융,5572485079774514.0,0.3026577350662453
2026-07-13,032830,삼성생명,326000.0,65200000000000.0,200000000,326000.0,-63886.0,103035.0,-20826836000.0,33589410000.0,금융,5572485079774514.0,1.1700345369545297
2026-07-13,055550,신한지주,108600.0,51547463604600.0,474654361,108600.0,247180.0,-182857.0,26843748000.0,-19858270200.0,금융,5572485079774514.0,0.9250354710090283
2026-07-13,086790,하나금융지주,132600.0,36381163384800.0,274367748,132600.0,196029.0,-8011.0,25993445400.0,-1062258600.0,금융,5572485079774514.0,0.6528714364233369
2026-07-13,105560,KB금융,186200.0,66042856070800.0,354687734,186200.0,312121.0,-378291.0,58116930200.0,-70437784200.0,금융,5572485079774514.0,1.1851598546311832
2026-07-13,316140,우리금융지주,31200.0,22716398078400.0,728089682,31200.0,369334.0,-449018.0,11523220800.0,-14009361600.0,금융,5572485079774514.0,0.4076529188180294
2026-07-13,000660,SK하이닉스,1845000.0,1314935863425000.0,712702365,1845000.0,-781727.0,-704671.0,-1442286315000.0,-1300117995000.0,반도체,5572485079774514.0,23.596938252873848
2026-07-13,005930,삼성전자,254500.0,1487877905736000.0,5846278608,254500.0,-3246131.0,-716994.0,-826140339500.0,-182474973000.0,반도체,5572485079774514.0,26.700437676114973
2026-07-13,003230,삼양식품,1110000.0,8361646650000.0,7533015,1110000.0,-8641.0,5717.0,-9591510000.0,6345870000.0,생활소비재,5572485079774514.0,0.15005238291886727
2026-07-13,015760,한국전력,34250.0,21987269637250.0,641964077,34250.0,-288547.0,-210107.0,-9882734750.0,-7196164750.0,생활소비재,5572485079774514.0,0.3945684792778252
2026-07-13,033780,KT&G,174300.0,18094162480800.0,103810456,174300.0,22317.0,-6927.0,3889853100.0,-1207376100.0,생활소비재,5572485079774514.0,0.32470544508900084
2026-07-13,090430,아모레퍼시픽,121600.0,7112719494400.0,58492759,121600.0,52145.0,-27632.0,6340832000.0,-3360051200.0,생활소비재,5572485079774514.0,0.12763999171959758
2026-07-13,278470,에이피알,380000.0,14226498900000.0,37438155,380000.0,11508.0,35912.0,4373040000.0,13646560000.0,생활소비재,5572485079774514.0,0.2552990038795342
2026-07-14,024110,기업은행,21100.0,16825685835900.0,797425869,21100.0,163298.0,62594.0,3445587800.0,1320733400.0,금융,5616749703745019.0,0.299562678121144
2026-07-14,032830,삼성생명,317000.0,63400000000000.0,200000000,317000.0,45233.0,-28991.0,14338861000.0,-9190147000.0,금융,5616749703745019.0,1.128766695046558
2026-07-14,055550,신한지주,106500.0,50550689446500.0,474654361,106500.0,174676.0,-138493.0,18602994000.0,-14749504500.0,금융,5616749703745019.0,0.8999989693825037
2026-07-14,086790,하나금융지주,134000.0,36765278232000.0,274367748,134000.0,215470.0,-84296.0,28872980000.0,-11295664000.0,금융,5616749703745019.0,0.6545650095016059
2026-07-14,105560,KB금융,180000.0,63843792120000.0,354687734,180000.0,171842.0,-182659.0,30931560000.0,-32878620000.0,금융,5616749703745019.0,1.1366679216172224
2026-07-14,316140,우리금융지주,30700.0,22352353237400.0,728089682,30700.0,473169.0,-395071.0,14526288300.0,-12128679700.0,금융,5616749703745019.0,0.3979588626229217
2026-07-14,000660,SK하이닉스,1913000.0,1363399624245000.0,712702365,1913000.0,697670.0,664541.0,1334642710000.0,1271266933000.0,반도체,5616749703745019.0,24.273818420926624
2026-07-14,005930,삼성전자,263000.0,1537571273904000.0,5846278608,263000.0,5326105.0,-1128775.0,1400765615000.0,-296867825000.0,반도체,5616749703745019.0,27.374751502257798
2026-07-14,003230,삼양식품,1072000.0,8075392080000.0,7533015,1072000.0,-10855.0,4263.0,-11636560000.0,4569936000.0,생활소비재,5616749703745019.0,0.14377340109379733
2026-07-14,015760,한국전력,33950.0,21794680414150.0,641964077,33950.0,-229981.0,205411.0,-7807854950.0,6973703450.0,생활소비재,5616749703745019.0,0.38803011641444873
2026-07-14,033780,KT&G,171000.0,17751587976000.0,103810456,171000.0,50430.0,-53317.0,8623530000.0,-9117207000.0,생활소비재,5616749703745019.0,0.3160473389826142
2026-07-14,090430,아모레퍼시픽,120000.0,7019131080000.0,58492759,120000.0,-5354.0,34832.0,-642480000.0,4179840000.0,생활소비재,5616749703745019.0,0.12496784528817316
2026-07-14,278470,에이피알,375000.0,14039308125000.0,37438155,375000.0,-10630.0,11940.0,-3986250000.0,4477500000.0,생활소비재,5616749703745019.0,0.24995431282328928
2026-07-15,024110,기업은행,21250.0,16945299716250.0,797425869,21250.0,-24788.0,48260.0,-526745000.0,1025525000.0,금융,5961100249061447.0,0.2842646325050141
2026-07-15,032830,삼성생명,337500.0,67500000000000.0,200000000,337500.0,-28729.0,38921.0,-9696037500.0,13135837500.0,금융,5961100249061447.0,1.1323412990853094
2026-07-15,055550,신한지주,107300.0,50930412935300.0,474654361,107300.0,-191536.0,219411.0,-20551812800.0,23542800300.0,금융,5961100249061447.0,0.85437940660902
2026-07-15,086790,하나금융지주,136800.0,37533507926400.0,274367748,136800.0,-21735.0,90450.0,-2973348000.0,12373560000.0,금융,5961100249061447.0,0.6296406092534598
2026-07-15,105560,KB금융,181600.0,64411292494400.0,354687734,181600.0,-273036.0,284339.0,-49583337600.0,51635962400.0,금융,5961100249061447.0,1.0805269128721886
2026-07-15,316140,우리금융지주,31300.0,22789207046600.0,728089682,31300.0,-108332.0,192006.0,-3390791600.0,6009787800.0,금융,5961100249061447.0,0.3822986712929056
2026-07-15,000660,SK하이닉스,2082000.0,1483846323930000.0,712702365,2082000.0,265930.0,331145.0,553666260000.0,689443890000.0,반도체,5961100249061447.0,24.892155171583067
2026-07-15,005930,삼성전자,279500.0,1634034870936000.0,5846278608,279500.0,-413531.0,1799843.0,-115581914500.0,503056118500.0,반도체,5961100249061447.0,27.411632126020237
2026-07-15,003230,삼양식품,1072000.0,8075392080000.0,7533015,1072000.0,-15516.0,1775.0,-16633152000.0,1902800000.0,생활소비재,5961100249061447.0,0.13546814753319136
2026-07-15,015760,한국전력,33900.0,21762582210300.0,641964077,33900.0,-446328.0,54117.0,-15130519200.0,1834566300.0,생활소비재,5961100249061447.0,0.3650766016512881
2026-07-15,033780,KT&G,172500.0,17907303660000.0,103810456,172500.0,-35105.0,40678.0,-6055612500.0,7016955000.0,생활소비재,5961100249061447.0,0.3004026591034002
2026-07-15,090430,아모레퍼시픽,120800.0,7065925287200.0,58492759,120800.0,-88240.0,129421.0,-10659392000.0,15634056800.0,생활소비재,5961100249061447.0,0.11853391139181906
2026-07-15,278470,에이피알,385500.0,14432408752500.0,37438155,385500.0,-53248.0,65470.0,-20527104000.0,25238685000.0,생활소비재,5961100249061447.0,0.24210981445534874
2026-07-16,024110,기업은행,21600.0,17224398770400.0,797425869,21600.0,17382.0,172088.0,375451200.0,3717100800.0,금융,5576917784678867.0,0.3088515813828126
2026-07-16,032830,삼성생명,331000.0,66200000000000.0,200000000,331000.0,-52592.0,75647.0,-17407952000.0,25039157000.0,금융,5576917784678867.0,1.1870356092009695
2026-07-16,055550,신한지주,107900.0,51215205551900.0,474654361,107900.0,35487.0,-8892.0,3829047300.0,-959446800.0,금융,5576917784678867.0,0.9183424882575906
2026-07-16,086790,하나금융지주,136800.0,37533507926400.0,274367748,136800.0,24884.0,-51011.0,3404131200.0,-6978304800.0,금융,5576917784678867.0,0.6730152635477892
2026-07-16,105560,KB금융,181100.0,64233948627400.0,354687734,181100.0,80309.0,-54077.0,14543959900.0,-9793344700.0,금융,5576917784678867.0,1.1517822407901743
2026-07-16,316140,우리금융지주,31500.0,22934824983000.0,728089682,31500.0,92592.0,20932.0,2916648000.0,659358000.0,금융,5576917784678867.0,0.41124552787935076
2026-07-16,000660,SK하이닉스,1842000.0,1312797756330000.0,712702365,1842000.0,-628785.0,-469637.0,-1158221970000.0,-865071354000.0,반도체,5576917784678867.0,23.539844175873828
2026-07-16,005930,삼성전자,255000.0,1490801045040000.0,5846278608,255000.0,-4567849.0,-826076.0,-1164801495000.0,-210649380000.0,반도체,5576917784678867.0,26.73163031263593
2026-07-16,003230,삼양식품,1069000.0,8052793035000.0,7533015,1069000.0,-2185.0,6047.0,-2335765000.0,6464243000.0,생활소비재,5576917784678867.0,0.1443950466173799
2026-07-16,015760,한국전력,34050.0,21858876821850.0,641964077,34050.0,-166748.0,471034.0,-5677769400.0,16038707700.0,생활소비재,5576917784678867.0,0.3919526459920494
2026-07-16,033780,KT&G,179900.0,18675501034400.0,103810456,179900.0,-22770.0,60896.0,-4096323000.0,10955190400.0,생활소비재,5576917784678867.0,0.33487137080819246
2026-07-16,090430,아모레퍼시픽,124400.0,7276499219600.0,58492759,124400.0,34467.0,24245.0,4287694800.0,3016078000.0,생활소비재,5576917784678867.0,0.13047528223547228
2026-07-16,278470,에이피알,393000.0,14713194915000.0,37438155,393000.0,-1920.0,28778.0,-754560000.0,11309754000.0,생활소비재,5576917784678867.0,0.2638230557283932
2026-07-20,024110,기업은행,21200.0,16905428422800.0,797425869,21200.0,137613.0,-146815.0,2917395600.0,-3112478000.0,금융,5331388995510400.0,0.3170923831863738
2026-07-20,032830,삼성생명,301500.0,60300000000000.0,200000000,301500.0,4616.0,-18378.0,1391724000.0,-5540967000.0,금융,5331388995510400.0,1.1310373347504572
2026-07-20,055550,신한지주,101800.0,48319813949800.0,474654361,101800.0,132214.0,-213197.0,13459385200.0,-21703454600.0,금융,5331388995510400.0,0.9063269251313393
2026-07-20,086790,하나금융지주,133400.0,36600657583200.0,274367748,133400.0,-28297.0,165884.0,-3774819800.0,22128925600.0,금융,5331388995510400.0,0.6865126070152012
2026-07-20,105560,KB금융,168800.0,59871289499200.0,354687734,168800.0,232399.0,-160224.0,39228951200.0,-27045811200.0,금융,5331388995510400.0,1.1229960813142321
2026-07-20,316140,우리금융지주,30550.0,22243139785100.0,728089682,30550.0,243979.0,-226604.0,7453558450.0,-6922752200.0,금융,5331388995510400.0,0.41721097079637415
2026-07-20,000660,SK하이닉스,1764000.0,1257206971860000.0,712702365,1764000.0,-527040.0,331597.0,-929698560000.0,584937108000.0,반도체,5331388995510400.0,23.581227573502943
2026-07-20,005930,삼성전자,244000.0,1426491980352000.0,5846278608,244000.0,-1468948.0,1129083.0,-358423312000.0,275496252000.0,반도체,5331388995510400.0,26.756479063022017
2026-07-20,003230,삼양식품,1053000.0,7932264795000.0,7533015,1053000.0,359.0,2617.0,378027000.0,2755701000.0,생활소비재,5331388995510400.0,0.14878420617365973
2026-07-20,015760,한국전력,33000.0,21184814541000.0,641964077,33000.0,-28143.0,270070.0,-928719000.0,8912310000.0,생활소비재,5331388995510400.0,0.39736013558267613
2026-07-20,033780,KT&G,179400.0,18623595806400.0,103810456,179400.0,33556.0,-32793.0,6019946400.0,-5883064200.0,생활소비재,5331388995510400.0,0.3493197705529096
2026-07-20,090430,아모레퍼시픽,117300.0,6861200630700.0,58492759,117300.0,-8133.0,3951.0,-954000900.0,463452300.0,생활소비재,5331388995510400.0,0.12869442909676757
2026-07-20,278470,에이피알,368000.0,13777241040000.0,37438155,368000.0,-8760.0,-35654.0,-3223680000.0,-13120672000.0,생활소비재,5331388995510400.0,0.2584174790397382
2026-07-21,024110,기업은행,20550.0,16387101607950.0,797425869,20550.0,-98287.0,-262277.0,-2019797850.0,-5389792350.0,금융,5525145833613097.0,0.29659129553208313
2026-07-21,032830,삼성생명,316000.0,63200000000000.0,200000000,316000.0,-50725.0,49764.0,-16029100000.0,15725424000.0,금융,5525145833613097.0,1.1438612102419599
2026-07-21,055550,신한지주,104700.0,49696311596700.0,474654361,104700.0,68063.0,4649.0,7126196100.0,486750300.0,금융,5525145833613097.0,0.8994570115120698
2026-07-21,086790,하나금융지주,132600.0,36381163384800.0,274367748,132600.0,139109.0,-112622.0,18445853400.0,-14933677200.0,금융,5525145833613097.0,0.6584652148630983
2026-07-21,105560,KB금융,174000.0,61715665716000.0,354687734,174000.0,58387.0,-17229.0,10159338000.0,-2997846000.0,금융,5525145833613097.0,1.1169961404555695
2026-07-21,316140,우리금융지주,30500.0,22206735301000.0,728089682,30500.0,48321.0,-148802.0,1473790500.0,-4538461000.0,금융,5525145833613097.0,0.4019212518500746
2026-07-21,000660,SK하이닉스,1836000.0,1308521542140000.0,712702365,1836000.0,366154.0,-237417.0,672258744000.0,-435897612000.0,반도체,5525145833613097.0,23.683022702847094
2026-07-21,005930,삼성전자,259000.0,1514186159472000.0,5846278608,259000.0,1823763.0,1943936.0,472354617000.0,503479424000.0,반도체,5525145833613097.0,27.40536096369094
2026-07-21,003230,삼양식품,1117000.0,8414377755000.0,7533015,1117000.0,24364.0,-5436.0,27214588000.0,-6072012000.0,생활소비재,5525145833613097.0,0.1522924101624577
2026-07-21,015760,한국전력,33700.0,21634189394900.0,641964077,33700.0,-67502.0,329523.0,-2274817400.0,11104925100.0,생활소비재,5525145833613097.0,0.39155870354199507
2026-07-21,033780,KT&G,178200.0,18499023259200.0,103810456,178200.0,-19008.0,18892.0,-3387225600.0,3366554400.0,생활소비재,5525145833613097.0,0.3348151128728272
2026-07-21,090430,아모레퍼시픽,119700.0,7001583252300.0,58492759,119700.0,8534.0,12305.0,1021519800.0,1472908500.0,생활소비재,5525145833613097.0,0.12672214387002717
2026-07-21,278470,에이피알,365000.0,13664926575000.0,37438155,365000.0,-12567.0,10244.0,-4586955000.0,3739060000.0,생활소비재,5525145833613097.0,0.24732245965106048
2026-07-22,024110,기업은행,20700.0,16506715488300.0,797425869,20700.0,36080.0,28087.0,746856000.0,581400900.0,금융,5568155813322949.0,0.2964485197918548
2026-07-22,032830,삼성생명,320000.0,64000000000000.0,200000000,320000.0,-37559.0,47533.0,-12018880000.0,15210560000.0,금융,5568155813322949.0,1.149393123067191
2026-07-22,055550,신한지주,104500.0,49601380724500.0,474654361,104500.0,-312983.0,285286.0,-32706723500.0,29812387000.0,금융,5568155813322949.0,0.8908044671777786
2026-07-22,086790,하나금융지주,131600.0,36106795636800.0,274367748,131600.0,-36184.0,42626.0,-4761814400.0,5609581600.0,금융,5568155813322949.0,0.6484516031395372
2026-07-22,105560,KB금융,175100.0,62105822223400.0,354687734,175100.0,-186874.0,200707.0,-32721637400.0,35143795700.0,금융,5568155813322949.0,1.1153750775938982
2026-07-22,316140,우리금융지주,30650.0,22315948753300.0,728089682,30650.0,-134722.0,152777.0,-4129229300.0,4682615050.0,금융,5568155813322949.0,0.40077809424629496
2026-07-22,000660,SK하이닉스,1830000.0,1304245327950000.0,712702365,1830000.0,-564978.0,640418.0,-1033909740000.0,1171964940000.0,반도체,5568155813322949.0,23.423290792785053
2026-07-22,005930,삼성전자,260500.0,1522955577384000.0,5846278608,260500.0,-1718094.0,2136159.0,-447563487000.0,556469419500.0,반도체,5568155813322949.0,27.35116667784364
2026-07-22,003230,삼양식품,1109000.0,8354113635000.0,7533015,1109000.0,369.0,-1989.0,409221000.0,-2205801000.0,생활소비재,5568155813322949.0,0.1500337618967321
2026-07-22,015760,한국전력,33900.0,21762582210300.0,641964077,33900.0,-244232.0,369367.0,-8279464800.0,12521541300.0,생활소비재,5568155813322949.0,0.39084003644848764
2026-07-22,033780,KT&G,176600.0,18332926529600.0,103810456,176600.0,-76858.0,48319.0,-13573122800.0,8533135400.0,생활소비재,5568155813322949.0,0.329245932481536
2026-07-22,090430,아모레퍼시픽,116900.0,6837803527100.0,58492759,116900.0,-66590.0,29043.0,-7784371000.0,3395126700.0,생활소비재,5568155813322949.0,0.12280194298333318
2026-07-22,278470,에이피알,357500.0,13384140412500.0,37438155,357500.0,-90633.0,40805.0,-32401297500.0,14587787500.0,생활소비재,5568155813322949.0,0.24036935856708094
2026-07-23,024110,기업은행,21050.0,16785814542450.0,797425869,21050.0,-92647.0,306232.0,-1950219350.0,6446183600.0,금융,5814274124976124.0,0.28870008846579676
2026-07-23,032830,삼성생명,329500.0,65900000000000.0,200000000,329500.0,-70505.0,79591.0,-23231397500.0,26225234500.0,금융,5814274124976124.0,1.1334174925966465
2026-07-23,055550,신한지주,103800.0,49269122671800.0,474654361,103800.0,-326484.0,264691.0,-33889039200.0,27474925800.0,금융,5814274124976124.0,0.8473821772550554
2026-07-23,086790,하나금융지주,130500.0,35804991114000.0,274367748,130500.0,-120121.0,53781.0,-15675790500.0,7018420500.0,금융,5814274124976124.0,0.6158118854457525
2026-07-23,105560,KB금융,176300.0,62531447504200.0,354687734,176300.0,-163760.0,252522.0,-28870888000.0,44519628600.0,금융,5814274124976124.0,1.0754815848049954
2026-07-23,316140,우리금융지주,30900.0,22497971173800.0,728089682,30900.0,-278649.0,240381.0,-8610254100.0,7427772900.0,금융,5814274124976124.0,0.3869437644358123
2026-07-23,000660,SK하이닉스,1919000.0,1367675838435000.0,712702365,1919000.0,-148136.0,689697.0,-284272984000.0,1323528543000.0,반도체,5814274124976124.0,23.52272715453739
2026-07-23,005930,삼성전자,270000.0,1578495224160000.0,5846278608,270000.0,-120579.0,1299490.0,-32556330000.0,350862300000.0,반도체,5814274124976124.0,27.148620622810455
2026-07-23,003230,삼양식품,1127000.0,8489707905000.0,7533015,1127000.0,-16264.0,17688.0,-18329528000.0,19934376000.0,생활소비재,5814274124976124.0,0.1460149233165862
2026-07-23,015760,한국전력,35600.0,22853921141200.0,641964077,35600.0,-189382.0,570179.0,-6741999200.0,20298372400.0,생활소비재,5814274124976124.0,0.3930657662497784
2026-07-23,033780,KT&G,179600.0,18644357897600.0,103810456,179600.0,-32267.0,41433.0,-5795153200.0,7441366800.0,생활소비재,5814274124976124.0,0.3206652713106567
2026-07-23,090430,아모레퍼시픽,119000.0,6960638321000.0,58492759,119000.0,-61856.0,65749.0,-7360864000.0,7824131000.0,생활소비재,5814274124976124.0,0.11971637682336803
2026-07-23,278470,에이피알,370000.0,13852117350000.0,37438155,370000.0,-48396.0,97284.0,-17906520000.0,35995080000.0,생활소비재,5814274124976124.0,0.23824327942323983
2026-07-24,024110,기업은행,21350.0,17025042303150.0,797425869,21350.0,-28530.0,254855.0,-609115500.0,5441154250.0,금융,5479519588763190.0,0.3107031926313965
2026-07-24,032830,삼성생명,318000.0,63600000000000.0,200000000,318000.0,-79944.0,88493.0,-25422192000.0,28140774000.0,금융,5479519588763190.0,1.1606856946076816
2026-07-24,055550,신한지주,104400.0,49553915288400.0,474654361,104400.0,-84142.0,216296.0,-8784424800.0,22581302400.0,금융,5479519588763190.0,0.9043478079724334
2026-07-24,086790,하나금융지주,132400.0,36326289835200.0,274367748,132400.0,-32288.0,168569.0,-4274931200.0,22318535600.0,금융,5479519588763190.0,0.6629466187089477
2026-07-24,105560,KB금융,171500.0,60828946381000.0,354687734,171500.0,-63306.0,-36411.0,-10856979000.0,-6244486500.0,금융,5479519588763190.0,1.110114589347239
2026-07-24,316140,우리금융지주,30850.0,22461566689700.0,728089682,30850.0,-257482.0,103010.0,-7943319700.0,3177858500.0,금융,5479519588763190.0,0.4099185398618114
2026-07-24,000660,SK하이닉스,1759000.0,1253643460035000.0,712702365,1759000.0,-483881.0,-976779.0,-851146679000.0,-1718154261000.0,반도체,5479519588763190.0,22.878711166683978
2026-07-24,005930,삼성전자,249500.0,1458646512696000.0,5846278608,249500.0,-3378638.0,-3428259.0,-842970181000.0,-855350620500.0,반도체,5479519588763190.0,26.619970766912402
2026-07-24,003230,삼양식품,1151000.0,8670500265000.0,7533015,1151000.0,-2896.0,13642.0,-3333296000.0,15701942000.0,생활소비재,5479519588763190.0,0.15823467960184923
2026-07-24,015760,한국전력,35400.0,22725528325800.0,641964077,35400.0,-234410.0,362824.0,-8298114000.0,12843969600.0,생활소비재,5479519588763190.0,0.41473578034839176
2026-07-24,033780,KT&G,182600.0,18955789265600.0,103810456,182600.0,50739.0,-10471.0,9264941400.0,-1912004600.0,생활소비재,5479519588763190.0,0.34593889041792086
2026-07-24,090430,아모레퍼시픽,118000.0,6902145562000.0,58492759,118000.0,45527.0,-13763.0,5372186000.0,-1624034000.0,생활소비재,5479519588763190.0,0.12596260402379394
2026-07-24,278470,에이피알,354000.0,13253106870000.0,37438155,354000.0,-2643.0,-10757.0,-935622000.0,-3807978000.0,생활소비재,5479519588763190.0,0.24186621938861297
2026-07-27,024110,기업은행,21350.0,17025042303150.0,797425869,21350.0,87543.0,-26473.0,1869043050.0,-565198550.0,금융,5533628393014013.0,0.30766508146162186
2026-07-27,032830,삼성생명,311500.0,62300000000000.0,200000000,311500.0,677.0,-1895.0,210885500.0,-590292500.0,금융,5533628393014013.0,1.1258435799312307
2026-07-27,055550,신한지주,105000.0,49838707905000.0,474654361,105000.0,14296.0,-15733.0,1501080000.0,-1651965000.0,금융,5533628393014013.0,0.9006515140756362
2026-07-27,086790,하나금융지주,130600.0,35832427888800.0,274367748,130600.0,72098.0,-118891.0,9415998800.0,-15527164600.0,금융,5533628393014013.0,0.6475394685706946
2026-07-27,105560,KB금융,172600.0,61219102888400.0,354687734,172600.0,242517.0,-216186.0,41858434200.0,-37313703600.0,금융,5533628393014013.0,1.1063103363732683
2026-07-27,316140,우리금융지주,33100.0,24099768474200.0,728089682,33100.0,625222.0,861208.0,20694848200.0,28505984800.0,금융,5533628393014013.0,0.4355147610675304
2026-07-27,000660,SK하이닉스,1816000.0,1294267494840000.0,712702365,1816000.0,231139.0,-615917.0,419748424000.0,-1118505272000.0,반도체,5533628393014013.0,23.38912920994047
2026-07-27,005930,삼성전자,254000.0,1484954766432000.0,5846278608,254000.0,487617.0,-3319368.0,123854718000.0,-843119472000.0,반도체,5533628393014013.0,26.835100967507984
2026-07-27,003230,삼양식품,1220000.0,9190278300000.0,7533015,1220000.0,14536.0,10029.0,17733920000.0,12235380000.0,생활소비재,5533628393014013.0,0.16608051078388933
2026-07-27,015760,한국전력,36200.0,23239099587400.0,641964077,36200.0,-75485.0,110281.0,-2732557000.0,3992172200.0,생활소비재,5533628393014013.0,0.41996133344874487
2026-07-27,033780,KT&G,182600.0,18955789265600.0,103810456,182600.0,28594.0,-28577.0,5221264400.0,-5218160200.0,생활소비재,5533628393014013.0,0.34255623831789883
2026-07-27,090430,아모레퍼시픽,123500.0,7223855736500.0,58492759,123500.0,154711.0,-65324.0,19106808500.0,-8067514000.0,생활소비재,5533628393014013.0,0.13054464852789593
2026-07-27,278470,에이피알,354500.0,13271825947500.0,37438155,354500.0,7481.0,-11520.0,2652014500.0,-4083840000.0,생활소비재,5533628393014013.0,0.23983948694956017
2026-07-28,024110,기업은행,20400.0,16267487727600.0,797425869,20400.0,122505.0,-335750.0,2499102000.0,-6849300000.0,금융,4933296613154775.0,0.3297488272694223
2026-07-28,032830,삼성생명,285000.0,57000000000000.0,200000000,285000.0,-20692.0,45922.0,-5897220000.0,13087770000.0,금융,4933296613154775.0,1.1554140054747142
2026-07-28,055550,신한지주,100900.0,47892625024900.0,474654361,100900.0,-83079.0,9054.0,-8382671100.0,913548600.0,금융,4933296613154775.0,0.9708036791704955
2026-07-28,086790,하나금융지주,123000.0,33747233004000.0,274367748,123000.0,11681.0,-116513.0,1436763000.0,-14331099000.0,금융,4933296613154775.0,0.6840706255936861
2026-07-28,105560,KB금융,165200.0,58594413656800.0,354687734,165200.0,141081.0,-245233.0,23306581200.0,-40512491600.0,금융,4933296613154775.0,1.187733441783256
2026-07-28,316140,우리금융지주,31750.0,23116847403500.0,728089682,31750.0,179643.0,-193763.0,5703665250.0,-6151975250.0,금융,4933296613154775.0,0.46858823249869613
2026-07-28,000660,SK하이닉스,1550000.0,1104688665750000.0,712702365,1550000.0,388673.0,-1826337.0,602443150000.0,-2830822350000.0,반도체,4933296613154775.0,22.392504492925003
2026-07-28,005930,삼성전자,220000.0,1286181293760000.0,5846278608,220000.0,-635592.0,-6554668.0,-139830240000.0,-1442026960000.0,반도체,4933296613154775.0,26.071436498068273
2026-07-28,003230,삼양식품,1183000.0,8911556745000.0,7533015,1183000.0,-8733.0,13247.0,-10331139000.0,15671201000.0,생활소비재,4933296613154775.0,0.18064100831150273
2026-07-28,015760,한국전력,33650.0,21602091191050.0,641964077,33650.0,5326.0,-281628.0,179219900.0,-9476782200.0,생활소비재,4933296613154775.0,0.4378834861347565
2026-07-28,033780,KT&G,181700.0,18862359855200.0,103810456,181700.0,58352.0,-53215.0,10602558400.0,-9669165500.0,생활소비재,4933296613154775.0,0.38234797812284355
2026-07-28,090430,아모레퍼시픽,118800.0,6948939769200.0,58492759,118800.0,34412.0,-21338.0,4088145600.0,-2534954400.0,생활소비재,4933296613154775.0,0.1408579356584896
2026-07-28,278470,에이피알,333500.0,12485624692500.0,37438155,333500.0,10479.0,7061.0,3494746500.0,2354843500.0,생활소비재,4933296613154775.0,0.2530888708213232
2026-07-29,024110,기업은행,20200.0,16108002553800.0,797425869,20200.0,379009.0,-371778.0,7655981800.0,-7509915600.0,금융,4669101404020380.0,0.3449914910807041
2026-07-29,032830,삼성생명,265500.0,53100000000000.0,200000000,265500.0,-5924.0,40591.0,-1572822000.0,10776910500.0,금융,4669101404020380.0,1.1372637988602619
2026-07-29,055550,신한지주,98300.0,46658523686300.0,474654361,98300.0,91126.0,-135863.0,8957685800.0,-13355332900.0,금융,4669101404020380.0,0.99930414118066
2026-07-29,086790,하나금융지주,120400.0,33033876859200.0,274367748,120400.0,129979.0,-146596.0,15649471600.0,-17650158400.0,금융,4669101404020380.0,0.7074996664402239
2026-07-29,105560,KB금융,160100.0,56785506213400.0,354687734,160100.0,142183.0,-250234.0,22763498300.0,-40062463400.0,금융,4669101404020380.0,1.216197749839064
2026-07-29,316140,우리금융지주,32050.0,23335274308100.0,728089682,32050.0,605128.0,-238390.0,19394352400.0,-7640399500.0,금융,4669101404020380.0,0.49978084194116906
2026-07-29,000660,SK하이닉스,1401000.0,1023419803365000.0,730492365,1401000.0,791370.0,-921877.0,1108709370000.0,-1291549677000.0,반도체,4669101404020380.0,21.918988576340904
2026-07-29,005930,삼성전자,208500.0,1218949089768000.0,5846278608,208500.0,5971830.0,-3550689.0,1245126555000.0,-740318656500.0,반도체,4669101404020380.0,26.106716995231906
2026-07-29,003230,삼양식품,1220000.0,9190278300000.0,7533015,1220000.0,38336.0,-6001.0,46769920000.0,-7321220000.0,생활소비재,4669101404020380.0,0.196831842034671
2026-07-29,015760,한국전력,33100.0,21249010948700.0,641964077,33100.0,-36049.0,311124.0,-1193221900.0,10298204400.0,생활소비재,4669101404020380.0,0.455098510612841
2026-07-29,033780,KT&G,182600.0,18955789265600.0,103810456,182600.0,95898.0,-47002.0,17510974800.0,-8582565200.0,생활소비재,4669101404020380.0,0.40598367063259566
2026-07-29,090430,아모레퍼시픽,121900.0,7130267322100.0,58492759,121900.0,59568.0,24259.0,7261339200.0,2957172100.0,생활소비재,4669101404020380.0,0.1527117683921023
2026-07-29,278470,에이피알,325000.0,12167400375000.0,37438155,325000.0,20615.0,39407.0,6699875000.0,12807275000.0,생활소비재,4669101404020380.0,0.260594048450589
2026-07-30,024110,기업은행,20450.0,16307359021050.0,797425869,20450.0,118667.0,144799.0,2426740150.0,2961139550.0,금융,4611484788421978.0,0.3536249119154154
2026-07-30,032830,삼성생명,264000.0,52800000000000.0,200000000,264000.0,47698.0,-37669.0,12592272000.0,-9944616000.0,금융,4611484788421978.0,1.1449674545726483
2026-07-30,055550,신한지주,100800.0,47845159588800.0,474654361,100800.0,175325.0,-134837.0,17672760000.0,-13591569600.0,금융,4611484788421978.0,1.0375217914395922
2026-07-30,086790,하나금융지주,124600.0,34186221400800.0,274367748,124600.0,138543.0,-125005.0,17262457800.0,-15575623000.0,금융,4611484788421978.0,0.7413278579305109
2026-07-30,105560,KB금융,167400.0,59374726671600.0,354687734,167400.0,193587.0,-146575.0,32406463800.0,-24536655000.0,금융,4611484788421978.0,1.2875403345289504
2026-07-30,316140,우리금융지주,32700.0,23808532601400.0,728089682,32700.0,588425.0,118072.0,19241497500.0,3860954400.0,금융,4611484788421978.0,0.5162877835177059
2026-07-30,000660,SK하이닉스,1322000.0,965710906530000.0,730492365,1322000.0,-80151.0,444498.0,-105959622000.0,587626356000.0,반도체,4611484788421978.0,20.941431032248083
2026-07-30,005930,삼성전자,207000.0,1210179671856000.0,5846278608,207000.0,-237928.0,656680.0,-49251096000.0,135932760000.0,반도체,4611484788421978.0,26.24273368296453
2026-07-30,003230,삼양식품,1243000.0,9363537645000.0,7533015,1243000.0,-2865.0,12411.0,-3561195000.0,15426873000.0,생활소비재,4611484788421978.0,0.20304821710588672
2026-07-30,015760,한국전력,33050.0,21216912744850.0,641964077,33050.0,246743.0,-91991.0,8154856150.0,-3040302550.0,생활소비재,4611484788421978.0,0.4600885337000168
2026-07-30,033780,KT&G,185800.0,19287982724800.0,103810456,185800.0,35061.0,-30774.0,6514333800.0,-5717809200.0,생활소비재,4611484788421978.0,0.4182597061412021
2026-07-30,090430,아모레퍼시픽,134000.0,7838029706000.0,58492759,134000.0,248126.0,52518.0,33248884000.0,7037412000.0,생활소비재,4611484788421978.0,0.1699675932072656
2026-07-30,278470,에이피알,315000.0,11793018825000.0,37438155,315000.0,-6429.0,-277.0,-2025135000.0,-87255000.0,생활소비재,4611484788421978.0,0.25573149139749196
2026-07-31,024110,기업은행,20650.0,16466844194850.0,797425869,20650.0,-103632.0,-18358.0,-2140000800.0,-379092700.0,금융,5445193657915115.0,0.30241062539463315
2026-07-31,032830,삼성생명,311500.0,62300000000000.0,200000000,311500.0,-16557.0,29024.0,-5157505500.0,9040976000.0,금융,5445193657915115.0,1.144128270065123
2026-07-31,055550,신한지주,100700.0,47273639067300.0,469450239,100700.0,-186413.0,168445.0,-18771789100.0,16962411500.0,금융,5445193657915115.0,0.8681718601244457
2026-07-31,086790,하나금융지주,125400.0,34405715599200.0,274367748,125400.0,-47228.0,35006.0,-5922391200.0,4389752400.0,금융,5445193657915115.0,0.6318547651503261
2026-07-31,105560,KB금융,168500.0,59764883179000.0,354687734,168500.0,-243605.0,219091.0,-41047442500.0,36916833500.0,금융,5445193657915115.0,1.0975713066169093
2026-07-31,316140,우리금융지주,33600.0,24463813315200.0,728089682,33600.0,-178227.0,555070.0,-5988427200.0,18650352000.0,금융,5445193657915115.0,0.44927352178998237
2026-07-31,000660,SK하이닉스,1718000.0,1254985883070000.0,730492365,1718000.0,277183.0,2205767.0,476200394000.0,3789507706000.0,반도체,5445193657915115.0,23.04758952412568
2026-07-31,005930,삼성전자,262500.0,1534648134600000.0,5846278608,262500.0,3618959.0,8359011.0,949976737500.0,2194240387500.0,반도체,5445193657915115.0,28.183536362737822
2026-07-31,003230,삼양식품,1168000.0,8798561520000.0,7533015,1168000.0,-13851.0,2919.0,-16177968000.0,3409392000.0,생활소비재,5445193657915115.0,0.161583996323261
2026-07-31,015760,한국전력,34800.0,22340349879600.0,641964077,34800.0,-153301.0,479791.0,-5334874800.0,16696726800.0,생활소비재,5445193657915115.0,0.4102764985617388
2026-07-31,033780,KT&G,179100.0,18592452669600.0,103810456,179100.0,-52700.0,21297.0,-9438570000.0,3814292700.0,생활소비재,5445193657915115.0,0.3414470418802107
2026-07-31,090430,아모레퍼시픽,130000.0,7604058670000.0,58492759,130000.0,64206.0,-48950.0,8346780000.0,-6363500000.0,생활소비재,5445193657915115.0,0.13964716679904976
2026-07-31,278470,에이피알,320000.0,11980209600000.0,37438155,320000.0,-46857.0,35471.0,-14994240000.0,11350720000.0,생활소비재,5445193657915115.0,0.22001438980201574
2026-08-03,024110,기업은행,20250.0,16147873847250.0,797425869,20250.0,20497.0,-250003.0,415064250.0,-5062560750.0,금융,5164875740754784.0,0.3126478672048397
2026-08-03,032830,삼성생명,287500.0,57500000000000.0,200000000,287500.0,-43138.0,17042.0,-12402175000.0,4899575000.0,금융,5164875740754784.0,1.1132891261309816
2026-08-03,055550,신한지주,102700.0,48212539545300.0,469450239,102700.0,6076.0,99413.0,624005200.0,10209715100.0,금융,5164875740754784.0,0.9334694959816074
2026-08-03,086790,하나금융지주,126900.0,34817267221200.0,274367748,126900.0,38315.0,-18629.0,4862173500.0,-2364020100.0,금융,5164875740754784.0,0.6741162608514543
2026-08-03,105560,KB금융,169500.0,60119570913000.0,354687734,169500.0,-99194.0,108660.0,-16813383000.0,18417870000.0,금융,5164875740754784.0,1.1640080793931018
2026-08-03,316140,우리금융지주,33350.0,24281790894700.0,728089682,33350.0,225035.0,-221248.0,7504917250.0,-7378620800.0,금융,5164875740754784.0,0.4701331089748833
2026-08-03,000660,SK하이닉스,1567000.0,1144681535955000.0,730492365,1567000.0,-288012.0,-1107357.0,-451314804000.0,-1735228419000.0,반도체,5164875740754784.0,22.16280881498455
2026-08-03,005930,삼성전자,239500.0,1400183726616000.0,5846278608,239500.0,-5039954.0,-3896489.0,-1207068983000.0,-933209115500.0,반도체,5164875740754784.0,27.109727259602572
2026-08-03,003230,삼양식품,1151000.0,8670500265000.0,7533015,1151000.0,-7001.0,465.0,-8058151000.0,535215000.0,생활소비재,5164875740754784.0,0.16787432457635296
2026-08-03,015760,한국전력,34500.0,22147760656500.0,641964077,34500.0,-116710.0,184284.0,-4026495000.0,6357798000.0,생활소비재,5164875740754784.0,0.42881497577448735
2026-08-03,033780,KT&G,175600.0,18229116073600.0,103810456,175600.0,-50326.0,5478.0,-8837245600.0,961936800.0,생활소비재,5164875740754784.0,0.35294394267336304
2026-08-03,090430,아모레퍼시픽,129800.0,7592360118200.0,58492759,129800.0,49644.0,245.0,6443791200.0,31801000.0,생활소비재,5164875740754784.0,0.14699986019587122
2026-08-03,278470,에이피알,338000.0,12654096390000.0,37438155,338000.0,65475.0,-84924.0,22130550000.0,-28704312000.0,생활소비재,5164875740754784.0,0.245002920208701
